Locus tag,Protein ID,Gene,Protein name,COG Protein ID,E-value,COG ID,COG Category,COG Category Function,COG Category,COG Category Function,COG Category,COG Category Function
WB44_00045,AKN59780.1,None,glycerol-3-phosphate dehydrogenase,WP_015218218.1,4.43229e-104,COG0578,C,Energy production and conversion,,,,
WB44_00050,AKN59781.1,None,glycerol kinase,WP_013703462.1,1.33288e-156,COG0554,C,Energy production and conversion,,,,
WB44_00155,AKN59795.1,None,hypothetical protein,WP_015109141.1,1.18652e-30,COG1376,M,Cell wall/membrane/envelope biogenesis,,,,
WB44_00350,AKN59828.1,None,hypothetical protein,WP_061976715.1,2.41482e-11,COG3637,M,Cell wall/membrane/envelope biogenesis,,,,
WB44_00395,AKN59837.1,None,hypothetical protein,WP_015154260.1,5.97281e-57,COG2770,T,Signal transduction mechanisms,,,,
WB44_00420,AKN59842.1,None,cation transporter,WP_015175228.1,1.66542e-114,COG0387,P,Inorganic ion transport and metabolism,,,,
WB44_00425,AKN62028.1,None,ABC transporter substrate-binding protein,WP_013122354.1,1.74362e-99,COG0683,E,Amino acid transport and metabolism,,,,
WB44_00485,AKN59854.1,None,ligand-binding protein SH3,WP_015674209.1,1.08467e-29,COG2076,V,Defense mechanisms,,,,
WB44_00615,AKN62032.1,None,hypothetical protein,WP_096466786.1,2.75988e-08,COG2314,R,General function prediction only,,,,
WB44_00810,AKN62036.1,None,L-alanine-DL-glutamate epimerase,WP_015108973.1,2.41555e-165,COG4948,R,General function prediction only,M,Cell wall/membrane/envelope biogenesis,,
WB44_00815,AKN59910.1,None,hypothetical protein,WP_015108972.1,7.22892e-116,COG3367,R,General function prediction only,,,,
WB44_00910,AKN59922.1,None,hypothetical protein,WP_015108914.1,5.24445e-46,COG3937,Q,"Secondary metabolites biosynthesis, transport and catabolism",T,Signal transduction mechanisms,,
WB44_00960,AKN59930.1,None,histone deacetylase,WP_015109062.1,4.53572e-141,COG0123,Q,"Secondary metabolites biosynthesis, transport and catabolism",,,,
WB44_00995,AKN59936.1,None,major facilitator transporter,WP_013334543.1,3.76038e-174,COG2814,G,Carbohydrate transport and metabolism,,,,
WB44_01010,AKN62044.1,None,alpha-acetolactate decarboxylase,WP_076347356.1,6.30617e-73,COG3527,Q,"Secondary metabolites biosynthesis, transport and catabolism",,,,
WB44_01020,AKN62045.1,None,hypothetical protein,WP_015108860.1,4.9248e-32,COG5690,C,Energy production and conversion,,,,
WB44_01155,AKN59961.1,None,hypothetical protein,NP_926834.1,8.1252e-41,COG5545,X,"Mobilome: prophages, transposons",,,,
WB44_01215,AKN59972.1,None,hypothetical protein,WP_014959805.1,0.0,COG0286,V,Defense mechanisms,,,,
WB44_01225,AKN59974.1,None,hypothetical protein,WP_089083049.1,0.0,COG3472,S,Function unknown,,,,
WB44_01230,AKN59975.1,None,hypothetical protein,WP_011713651.1,0.0,COG1205,L,"Replication, recombination and repair",,,,
WB44_01235,AKN59976.1,None,hypothetical protein,NP_874999.1,1.13326e-61,COG2251,R,General function prediction only,,,,
WB44_01310,AKN59988.1,None,hypothetical protein,NP_874999.1,0.0,COG2251,R,General function prediction only,,,,
WB44_01240,AKN59977.1,None,hypothetical protein,WP_041691598.1,7.09014e-07,COG1196,D,"Cell cycle control, cell division, chromosome partitioning",,,,
WB44_01245,AKN59978.1,None,hypothetical protein,WP_015107896.1,0.0,COG4639,R,General function prediction only,,,,
WB44_01285,AKN59984.1,None,hypothetical protein,WP_015120922.1,1.92106e-113,COG1336,V,Defense mechanisms,,,,
WB44_01295,AKN59985.1,None,hypothetical protein,WP_015126510.1,1.19537e-99,COG1353,V,Defense mechanisms,,,,
WB44_01300,AKN59986.1,None,hypothetical protein,WP_015143869.1,4.39468e-84,COG1518,V,Defense mechanisms,,,,
WB44_01305,AKN59987.1,None,hypothetical protein,WP_011153761.1,2.45004e-22,COG1343,V,Defense mechanisms,,,,
WB44_01335,AKN59991.1,None,integrase,WP_015109926.1,3.07723e-157,COG4974,L,"Replication, recombination and repair",,,,
WB44_01385,AKN60001.1,None,hypothetical protein,NP_743279.1,3.37384e-09,COG1961,L,"Replication, recombination and repair",,,,
WB44_01390,AKN62051.1,None,hypothetical protein,WP_084221642.1,2.2314e-110,COG5361,X,"Mobilome: prophages, transposons",,,,
WB44_01410,AKN60004.1,None,oxidoreductase,WP_015435500.1,3.44414e-95,COG1231,E,Amino acid transport and metabolism,,,,
WB44_01440,AKN60008.1,None,lipid kinase,WP_015110159.1,4.13191e-125,COG1803,G,Carbohydrate transport and metabolism,,,,
WB44_01455,AKN62056.1,None,hypothetical protein,WP_083305281.1,6.07979e-19,COG2207,K,Transcription,,,,
WB44_01485,AKN60015.1,None,MFS transporter,WP_015748597.1,2.16445e-72,COG2814,G,Carbohydrate transport and metabolism,,,,
WB44_01500,AKN60018.1,None,"1,4-beta-glucanase",WP_096380853.1,1.60339e-59,COG5297,G,Carbohydrate transport and metabolism,,,,
WB44_01640,AKN60039.1,None,lipoprotein,WP_103426640.1,2.8393e-09,COG1917,R,General function prediction only,,,,
WB44_01655,AKN60041.1,None,hypothetical protein,WP_011997250.1,2.85756e-21,COG2503,R,General function prediction only,,,,
WB44_01715,AKN62060.1,None,hypothetical protein,WP_006341600.1,1.05045e-11,COG0406,G,Carbohydrate transport and metabolism,,,,
WB44_01750,AKN60054.1,None,hypothetical protein,WP_069051209.1,5.74773e-26,COG5470,S,Function unknown,,,,
WB44_01770,AKN60057.1,None,plasmid partitioning protein ParA,AFY95272.1,2.99788e-35,COG1192,D,"Cell cycle control, cell division, chromosome partitioning",N,Cell motility,,
WB44_01890,AKN60076.1,None,hypothetical protein,YP_003317096.1,3.12689e-10,COG1376,M,Cell wall/membrane/envelope biogenesis,,,,
WB44_01990,AKN60092.1,None,hypothetical protein,WP_012805221.1,7.9611e-07,COG2931,Q,"Secondary metabolites biosynthesis, transport and catabolism",,,,
WB44_01995,AKN60093.1,None,hypothetical protein,WP_021006785.1,4.99134e-64,COG2931,Q,"Secondary metabolites biosynthesis, transport and catabolism",,,,
WB44_02190,AKN62078.1,None,MFS transporter,WP_011321573.1,1.17252e-22,COG2814,G,Carbohydrate transport and metabolism,,,,
WB44_02245,AKN60132.1,None,carbonic anhydrase,WP_015110061.1,2.21253e-65,COG0288,P,Inorganic ion transport and metabolism,,,,
WB44_02405,AKN60158.1,None,hypothetical protein,WP_014959218.1,1.0941e-35,COG0011,H,Coenzyme transport and metabolism,,,,
WB44_02465,AKN60168.1,None,acylphosphatase,WP_083891327.1,2.55748e-30,COG1254,C,Energy production and conversion,,,,
WB44_02680,AKN60203.1,None,hypothetical protein,WP_015906458.1,1.41935e-06,COG1289,S,Function unknown,,,,
WB44_02685,AKN60204.1,None,hypothetical protein,WP_015108554.1,4.82279e-60,COG4129,S,Function unknown,,,,
WB44_02755,AKN60218.1,None,transporter,WP_076626824.1,2.08581e-68,COG0385,R,General function prediction only,,,,
WB44_02795,AKN60226.1,None,hypothetical protein,WP_043326025.1,8.19713e-17,COG3637,M,Cell wall/membrane/envelope biogenesis,,,,
WB44_02805,AKN60228.1,None,dimethylallyltransferase,WP_044002618.1,7.81599e-105,COG0693,V,Defense mechanisms,,,,
WB44_02830,AKN60232.1,None,hypothetical protein,YP_096051.1,1.56321e-48,COG0428,P,Inorganic ion transport and metabolism,,,,
WB44_02835,AKN62096.1,None,isochorismatase,WP_015128732.1,1.23744e-66,COG1335,H,Coenzyme transport and metabolism,R,General function prediction only,,
WB44_02880,AKN60238.1,None,acyltransferase,WP_081804880.1,2.53175e-07,COG0666,T,Signal transduction mechanisms,,,,
WB44_02895,AKN60240.1,None,diguanylate cyclase,WP_015204907.1,6.88987e-31,COG2202,T,Signal transduction mechanisms,,,,
WB44_02920,AKN60244.1,None,photosystem II protein,WP_015108528.1,7.97524e-16,COG5734,C,Energy production and conversion,,,,
WB44_02930,AKN60246.1,None,cytochrome C551,WP_062488432.1,3.74012e-61,COG3965,P,Inorganic ion transport and metabolism,,,,
WB44_03000,AKN62101.1,None,phosphoribosyltransferase,NP_875603.1,5.78354e-38,COG2236,H,Coenzyme transport and metabolism,,,,
WB44_03005,AKN60258.1,None,nucleoside 2-deoxyribosyltransferase,WP_015132851.1,1.54485e-70,COG3613,F,Nucleotide transport and metabolism,,,,
WB44_03015,AKN60260.1,None,glutathione S-transferase,WP_011242609.1,2.25355e-52,COG0625,O,"Posttranslational modification, protein turnover, chaperones",,,,
WB44_03065,AKN60266.1,None,glutathione S-transferase,WP_011242609.1,1.70808e-50,COG0625,O,"Posttranslational modification, protein turnover, chaperones",,,,
WB44_03230,AKN60292.1,None,hypothetical protein,WP_015108462.1,1.1697e-69,COG5766,C,Energy production and conversion,,,,
WB44_03290,AKN60304.1,None,hypothetical protein,WP_096718879.1,2.57353e-07,COG1922,M,Cell wall/membrane/envelope biogenesis,,,,
WB44_03310,AKN60308.1,None,hypothetical protein,WP_100001900.1,8.59854e-23,COG2931,Q,"Secondary metabolites biosynthesis, transport and catabolism",,,,
WB44_03360,AKN60318.1,None,hypothetical protein,WP_015129599.1,5.99741e-163,COG1835,M,Cell wall/membrane/envelope biogenesis,,,,
WB44_03405,AKN60324.1,None,membrane protein,WP_043768256.1,7.31335e-15,COG0428,P,Inorganic ion transport and metabolism,,,,
WB44_03410,AKN60325.1,None,hypothetical protein,WP_012167366.1,3.08042e-34,COG5693,C,Energy production and conversion,,,,
WB44_13750,AKN61987.1,None,phycobilisome Linker polypeptide,WP_012167366.1,6.7999e-45,COG5693,C,Energy production and conversion,,,,
WB44_03430,AKN60329.1,None,glutamine synthetase,WP_015108648.1,0.0,COG3968,E,Amino acid transport and metabolism,,,,
WB44_03490,AKN60340.1,None,hypothetical protein,WP_077291129.1,6.768e-15,COG1075,I,Lipid transport and metabolism,,,,
WB44_03530,AKN60346.1,None,molecular chaperone Hsp33,WP_015108319.1,1.86566e-145,COG1281,O,"Posttranslational modification, protein turnover, chaperones",,,,
WB44_03590,AKN60356.1,None,peptidase U32,WP_011317184.1,0.0,COG0826,J,"Translation, ribosomal structure and biogenesis",,,,
WB44_03655,AKN60367.1,None,membrane protein,NP_875390.1,4.51314e-56,COG0861,P,Inorganic ion transport and metabolism,,,,
WB44_03735,AKN62126.1,None,photosystem II protein,WP_071881620.1,3.80905e-14,COG5741,C,Energy production and conversion,,,,
WB44_03845,AKN60392.1,None,Mo-dependent nitrogenase,WP_015216694.1,6.11984e-51,COG3793,P,Inorganic ion transport and metabolism,,,,
WB44_03970,AKN60412.1,None,photolyase,WP_014559386.1,2.08868e-159,COG3046,R,General function prediction only,,,,
WB44_04070,AKN60426.1,None,hypothetical protein,WP_015166139.1,3.71623e-06,COG5765,C,Energy production and conversion,,,,
WB44_04170,AKN60442.1,None,glucosylglycerol-phosphate synthase,WP_015218288.1,4.35694e-178,COG0380,G,Carbohydrate transport and metabolism,,,,
WB44_04280,AKN60462.1,None,PucC protein,WP_015110494.1,4.23311e-174,COG2211,G,Carbohydrate transport and metabolism,,,,
WB44_04340,AKN60471.1,None,mRNA 3'-end processing factor,WP_083891422.1,3.06304e-140,COG1236,J,"Translation, ribosomal structure and biogenesis",,,,
WB44_04345,AKN60472.1,None,ATP-dependent DNA ligase,WP_088430884.1,2.8058e-161,COG1793,L,"Replication, recombination and repair",,,,
WB44_04370,AKN60477.1,None,flotillin,WP_044522211.1,1.05038e-164,COG2268,S,Function unknown,,,,
WB44_04375,AKN60478.1,None,band 7 protein,WP_011243917.1,2.69912e-151,COG2268,S,Function unknown,,,,
WB44_04395,AKN60482.1,None,16S rRNA methyltransferase,WP_053100283.1,9.43095e-64,COG1385,J,"Translation, ribosomal structure and biogenesis",,,,
WB44_04430,AKN62154.1,None,hypothetical protein,WP_100278603.1,4.19981e-45,COG3019,S,Function unknown,,,,
WB44_04505,AKN60499.1,None,multicopper oxidase,WP_013944445.1,1.56044e-109,COG2132,D,"Cell cycle control, cell division, chromosome partitioning",P,Inorganic ion transport and metabolism,M,Cell wall/membrane/envelope biogenesis
WB44_04510,AKN60500.1,None,hypothetical protein,WP_040528561.1,1.15442e-27,COG0693,V,Defense mechanisms,,,,
WB44_04535,AKN60503.1,None,hypothetical protein,WP_010873562.1,5.89314e-43,COG0785,C,Energy production and conversion,O,"Posttranslational modification, protein turnover, chaperones",,
WB44_04565,AKN60508.1,None,hypothetical protein,WP_011242408.1,1.73146e-11,COG3489,R,General function prediction only,,,,
WB44_04570,AKN60509.1,None,hypothetical protein,WP_015108522.1,2.49004e-15,COG3489,R,General function prediction only,,,,
WB44_04580,AKN60511.1,None,hypothetical protein,WP_011319955.1,4.95578e-63,COG0596,H,Coenzyme transport and metabolism,R,General function prediction only,,
WB44_04590,AKN62157.1,None,hypothetical protein,NP_875898.1,3.75995e-160,COG2319,R,General function prediction only,,,,
WB44_04600,AKN62158.1,None,hypothetical protein,WP_006625308.1,1.25164e-44,COG4875,O,"Posttranslational modification, protein turnover, chaperones",,,,
WB44_04620,AKN62159.1,None,oxidoreductase,WP_015110114.1,0.0,COG0243,C,Energy production and conversion,,,,
WB44_04625,AKN60516.1,None,FAD-dependent oxidoreductase,WP_021004787.1,0.0,COG2072,P,Inorganic ion transport and metabolism,,,,
WB44_04635,AKN60518.1,None,chromate transporter,WP_082050723.1,1.24059e-111,COG2059,P,Inorganic ion transport and metabolism,,,,
WB44_04650,AKN60521.1,None,hypothetical protein,WP_015214901.1,1.79416e-76,COG2200,T,Signal transduction mechanisms,,,,
WB44_04655,AKN60522.1,None,hypothetical protein,WP_012676373.1,3.57044e-26,COG0715,P,Inorganic ion transport and metabolism,,,,
WB44_04665,AKN60523.1,None,hypothetical protein,WP_015108997.1,7.30048e-09,COG4977,K,Transcription,,,,
WB44_04670,AKN62160.1,None,hypothetical protein,WP_006620884.1,2.68541e-26,COG0845,V,Defense mechanisms,M,Cell wall/membrane/envelope biogenesis,,
WB44_04680,AKN60525.1,None,transcriptional regulator,WP_015110181.1,7.16386e-15,COG0640,K,Transcription,,,,
WB44_04685,AKN60526.1,None,hypothetical protein,WP_049639058.1,3.68515e-35,COG1359,C,Energy production and conversion,,,,
WB44_04690,AKN60527.1,None,hypothetical protein,WP_011042733.1,1.78731e-36,COG2814,G,Carbohydrate transport and metabolism,,,,
WB44_04700,AKN60529.1,None,dimethyladenosine transferase,WP_125326493.1,2.53467e-78,COG4977,K,Transcription,,,,
WB44_04990,AKN60573.1,None,urea transporter,WP_015182589.1,7.78812e-81,COG5126,T,Signal transduction mechanisms,,,,
WB44_05105,AKN62179.1,None,uridine kinase,WP_066210432.1,9.92805e-14,COG0572,F,Nucleotide transport and metabolism,,,,
WB44_05115,AKN60593.1,None,hypothetical protein,WP_013687382.1,1.72935e-06,COG3172,H,Coenzyme transport and metabolism,,,,
WB44_05135,AKN62180.1,None,arylesterase,WP_034795815.1,4.62719e-37,COG2755,D,"Cell cycle control, cell division, chromosome partitioning",I,Lipid transport and metabolism,,
WB44_05145,AKN62182.1,None,diguanylate cyclase,WP_088430488.1,2.36364e-78,COG2203,T,Signal transduction mechanisms,,,,
WB44_05460,AKN62193.1,None,hypothetical protein,WP_015107999.1,4.04962e-43,COG2862,S,Function unknown,,,,
WB44_05575,AKN60662.1,None,fructose-bisphosphate aldolase,NP_875248.1,0.0,COG3588,G,Carbohydrate transport and metabolism,,,,
WB44_05705,AKN62212.1,None,serine/threonine protein phosphatase,WP_015108406.1,2.15118e-70,COG1407,R,General function prediction only,,,,
WB44_05860,AKN60702.1,None,hypothetical protein,WP_012071559.1,9.73317e-46,COG3803,S,Function unknown,,,,
WB44_05875,AKN60704.1,None,superoxide dismutase,WP_011505705.1,7.39698e-56,COG2032,P,Inorganic ion transport and metabolism,,,,
WB44_05880,AKN62220.1,None,hypothetical protein,WP_015192684.1,3.52641e-80,COG0596,H,Coenzyme transport and metabolism,R,General function prediction only,,
WB44_05895,AKN60706.1,None,steroid 5-alpha reductase,WP_096717651.1,5.86846e-87,COG3752,R,General function prediction only,,,,
WB44_05900,AKN60707.1,None,membrane protein,WP_015109056.1,2.11401e-69,COG3304,S,Function unknown,,,,
WB44_06000,AKN62226.1,None,beta-carotene ketolase,WP_083891344.1,4.26498e-46,COG3239,I,Lipid transport and metabolism,,,,
WB44_06065,AKN60734.1,None,transcriptional regulator,WP_043782985.1,1.52706e-08,COG4319,R,General function prediction only,,,,
WB44_06070,AKN62228.1,None,high light inducible protein,AFY95946.1,3.29325e-06,COG5743,C,Energy production and conversion,,,,
WB44_06075,AKN62229.1,None,molecular chaperone DnaJ,WP_129893797.1,6.00392e-06,COG0484,O,"Posttranslational modification, protein turnover, chaperones",,,,
WB44_06095,AKN60738.1,None,pyridoxamine 5'-phosphate oxidase,WP_015108494.1,6.44643e-58,COG5135,S,Function unknown,,,,
WB44_06125,AKN60742.1,None,cell death suppressor protein Lls1,WP_015108468.1,3.6883e-175,COG5749,H,Coenzyme transport and metabolism,,,,
WB44_06135,AKN62232.1,None,NAD/FAD-dependent oxidoreductase,WP_015107878.1,3.38885e-45,COG3380,R,General function prediction only,,,,
WB44_06140,AKN60744.1,None,membrane protein,WP_075797671.1,1.75984e-27,COG3781,P,Inorganic ion transport and metabolism,,,,
WB44_12480,AKN62430.1,None,hypothetical protein,WP_075797671.1,3.83502e-28,COG3781,P,Inorganic ion transport and metabolism,,,,
WB44_06260,AKN60761.1,None,cation transporter,WP_015126631.1,7.24233e-113,COG0053,P,Inorganic ion transport and metabolism,,,,
WB44_06515,AKN62243.1,None,glucosidase,WP_014101413.1,0.0,COG3408,G,Carbohydrate transport and metabolism,,,,
WB44_06525,AKN62244.1,None,DoxX family protein,WP_012235392.1,1.25582e-10,COG2259,S,Function unknown,,,,
WB44_06530,AKN60807.1,None,hypothetical protein,WP_012409573.1,1.05123e-36,COG0346,Q,"Secondary metabolites biosynthesis, transport and catabolism",,,,
WB44_06545,AKN60809.1,None,gluconolactonase,WP_110136481.1,1.13686e-103,COG3386,G,Carbohydrate transport and metabolism,,,,
WB44_06550,AKN60810.1,None,hypothetical protein,WP_014237291.1,2.50302e-08,COG2140,G,Carbohydrate transport and metabolism,,,,
WB44_06570,AKN60814.1,None,hypothetical protein,WP_015110318.1,6.10151e-75,COG4244,S,Function unknown,,,,
WB44_06575,AKN60815.1,None,membrane protein,WP_015110317.1,7.75478e-103,COG4244,S,Function unknown,,,,
WB44_06635,AKN60825.1,None,esterase,WP_015110930.1,8.34454e-68,COG0596,H,Coenzyme transport and metabolism,R,General function prediction only,,
WB44_06695,AKN60836.1,None,hypothetical protein,WP_012163749.1,1.90742e-42,COG0596,H,Coenzyme transport and metabolism,R,General function prediction only,,
WB44_06810,AKN62252.1,None,Photosystem I reaction center subunit XII,WP_043325215.1,3.28179e-12,COG5711,C,Energy production and conversion,,,,
WB44_06815,AKN60855.1,None,hypothetical protein,WP_015107709.1,1.91981e-50,COG5474,C,Energy production and conversion,,,,
WB44_06820,AKN60856.1,None,membrane protein,WP_067543079.1,2.36876e-59,COG0306,P,Inorganic ion transport and metabolism,,,,
WB44_11295,AKN62397.1,None,membrane protein,WP_067543079.1,6.50171e-62,COG0306,P,Inorganic ion transport and metabolism,,,,
WB44_06950,AKN60879.1,None,deoxyribodipyrimidine photolyase,WP_015108500.1,0.0,COG0415,L,"Replication, recombination and repair",,,,
WB44_07110,AKN60904.1,None,hypothetical protein,WP_041659788.1,8.31409e-64,COG5031,H,Coenzyme transport and metabolism,,,,
WB44_07155,AKN60912.1,None,hypothetical protein,WP_015108411.1,1.77206e-50,COG4222,S,Function unknown,,,,
WB44_07205,AKN60921.1,None,hypothetical protein,WP_015108948.1,6.39732e-14,COG4974,L,"Replication, recombination and repair",,,,
WB44_07225,AKN60925.1,None,porin,WP_015108556.1,6.92067e-70,COG3659,M,Cell wall/membrane/envelope biogenesis,,,,
WB44_07235,AKN60927.1,None,hypothetical protein,WP_015108734.1,3.21435e-12,COG0405,E,Amino acid transport and metabolism,,,,
WB44_07240,AKN60928.1,None,hypothetical protein,WP_017376452.1,2.36545e-14,COG0405,E,Amino acid transport and metabolism,,,,
WB44_07340,AKN60945.1,None,hypothetical protein,WP_013645560.1,5.38287e-23,COG3631,R,General function prediction only,,,,
WB44_07375,AKN60951.1,None,hypothetical protein,AFY94440.1,4.43148e-09,COG0457,R,General function prediction only,,,,
WB44_07430,AKN60959.1,None,hypothetical protein,AFY94440.1,7.87708e-11,COG0457,R,General function prediction only,,,,
WB44_07390,AKN60954.1,None,hypothetical protein,WP_015110673.1,4.47074e-43,COG1716,T,Signal transduction mechanisms,,,,
WB44_07395,AKN60955.1,None,protein kinase family protein,WP_015110674.1,0.0,COG4248,R,General function prediction only,,,,
WB44_07400,AKN60956.1,None,tellurium resistance protein,WP_015110675.1,1.5788e-130,COG4245,S,Function unknown,,,,
WB44_07405,AKN60957.1,None,hypothetical protein,WP_043325967.1,4.86616e-61,COG0631,T,Signal transduction mechanisms,,,,
WB44_07420,AKN62268.1,None,hypothetical protein,WP_006621434.1,6.01345e-21,COG2335,R,General function prediction only,,,,
WB44_07770,AKN61017.1,None,hypothetical protein,WP_015110756.1,1.45374e-32,COG5787,C,Energy production and conversion,,,,
WB44_07885,AKN61034.1,None,MAPEG family protein,WP_015108739.1,1.21988e-54,COG3686,S,Function unknown,,,,
WB44_07985,AKN61048.1,None,regucalcin,WP_066392079.1,5.65798e-84,COG3386,G,Carbohydrate transport and metabolism,,,,
WB44_08010,AKN62286.1,None,hypothetical protein,WP_015110620.1,6.65445e-28,COG1555,L,"Replication, recombination and repair",,,,
WB44_08120,AKN61071.1,None,AraC family transcriptional regulator,WP_012585768.1,5.26356e-11,COG2207,K,Transcription,,,,
WB44_08130,AKN61073.1,None,SAM-dependent methyltransferase,NP_875818.1,3.22993e-102,COG2227,H,Coenzyme transport and metabolism,,,,
WB44_08165,AKN62290.1,None,acetyltransferase,WP_043324298.1,3.48101e-49,COG1246,E,Amino acid transport and metabolism,,,,
WB44_08215,AKN61088.1,None,phycobilisome linker polypeptide,WP_011319677.1,1.51014e-43,COG5694,C,Energy production and conversion,,,,
WB44_08330,AKN61105.1,None,mechanosensitive ion channel protein MscL,WP_012409341.1,9.06946e-17,COG1970,M,Cell wall/membrane/envelope biogenesis,,,,
WB44_08370,AKN61111.1,None,sodium:calcium antiporter,WP_089073686.1,5.44161e-63,COG0387,P,Inorganic ion transport and metabolism,,,,
WB44_08405,AKN61117.1,None,dehydrogenase,WP_013334726.1,5.29446e-44,COG0778,C,Energy production and conversion,,,,
WB44_08425,AKN61120.1,None,preprotein translocase subunit SecA,YP_886287.1,1.46717e-27,COG3012,S,Function unknown,,,,
WB44_08495,AKN62305.1,None,cell wall anchor protein,WP_015110590.1,0.0,COG5693,C,Energy production and conversion,,,,
WB44_08510,AKN61132.1,None,photosystem I reaction center subunit XII,WP_015110587.1,1.21438e-34,COG5686,C,Energy production and conversion,,,,
WB44_08750,AKN61174.1,None,hypothetical protein,WP_015942520.1,1.35004e-44,COG0461,F,Nucleotide transport and metabolism,,,,
WB44_08825,AKN61184.1,None,lactoylglutathione lyase,NP_874638.1,1.00215e-62,COG0346,Q,"Secondary metabolites biosynthesis, transport and catabolism",,,,
WB44_08865,AKN61191.1,None,partitioning protein ParB,WP_015195553.1,5.25033e-27,COG5119,R,General function prediction only,,,,
WB44_08875,AKN61193.1,None,hypothetical protein,WP_015942185.1,6.86371e-07,COG4420,S,Function unknown,,,,
WB44_08885,AKN61195.1,None,carboxymethylenebutenolidase,WP_027792709.1,3.22423e-38,COG0412,Q,"Secondary metabolites biosynthesis, transport and catabolism",,,,
WB44_08955,AKN61208.1,None,hypothetical protein,WP_075794449.1,3.12174e-16,COG0596,H,Coenzyme transport and metabolism,R,General function prediction only,,
WB44_09020,AKN61216.1,None,monooxygenase,WP_015243771.1,9.3151e-157,COG0654,H,Coenzyme transport and metabolism,C,Energy production and conversion,,
WB44_09045,AKN61221.1,None,hypothetical protein,WP_081480217.1,1.91852e-07,COG4935,O,"Posttranslational modification, protein turnover, chaperones",,,,
WB44_09185,AKN62325.1,None,fuculose phosphate aldolase,WP_034789970.1,2.32559e-83,COG0235,E,Amino acid transport and metabolism,G,Carbohydrate transport and metabolism,,
WB44_09200,AKN61245.1,None,SAM-dependent methyltransferase,WP_014890650.1,1.0079e-35,COG2227,H,Coenzyme transport and metabolism,,,,
WB44_09225,AKN61250.1,None,ferredoxin thioredoxin reductase,WP_015109146.1,1.16502e-68,COG4802,C,Energy production and conversion,,,,
WB44_09245,AKN62326.1,None,phycobilisome rod-core linker polypeptide CpcG,WP_012167376.1,1.56111e-52,COG5693,C,Energy production and conversion,,,,
WB44_09915,AKN61354.1,None,hypothetical protein,WP_067270466.1,3.24013e-06,COG0683,E,Amino acid transport and metabolism,,,,
WB44_10085,AKN61385.1,None,asparaginase,WP_014456890.1,3.2073e-77,COG0252,J,"Translation, ribosomal structure and biogenesis",E,Amino acid transport and metabolism,,
WB44_10100,AKN61387.1,None,hypothetical protein,WP_096356166.1,5.71832e-45,COG3179,G,Carbohydrate transport and metabolism,,,,
WB44_10110,AKN61388.1,None,ketosteroid isomerase,WP_015767948.1,8.72636e-71,COG3631,R,General function prediction only,,,,
WB44_10115,AKN61389.1,None,alcohol dehydrogenase,WP_015203582.1,1.36402e-161,COG1454,C,Energy production and conversion,,,,
WB44_10120,AKN61390.1,None,antibiotic biosynthesis monooxygenase,WP_015212014.1,1.69126e-43,COG1359,C,Energy production and conversion,,,,
WB44_10125,AKN61391.1,None,hypothetical protein,WP_087455542.1,2.50385e-75,COG2202,T,Signal transduction mechanisms,,,,
WB44_10130,AKN61392.1,None,hypothetical protein,WP_082676101.1,1.91124e-52,COG2124,V,Defense mechanisms,Q,"Secondary metabolites biosynthesis, transport and catabolism",,
WB44_10165,AKN61397.1,None,carboxyvinyl-carboxyphosphonate phosphorylmutase,WP_100918857.1,2.58018e-124,COG2513,G,Carbohydrate transport and metabolism,,,,
WB44_10170,AKN61398.1,None,hypothetical protein,WP_048894769.1,1.20975e-38,COG4461,V,Defense mechanisms,,,,
WB44_10185,AKN62357.1,None,mechanosensitive ion channel protein MscS,WP_011320306.1,2.27538e-92,COG0668,M,Cell wall/membrane/envelope biogenesis,,,,
WB44_10200,AKN61403.1,None,hypothetical protein,WP_082886497.1,4.13893e-42,COG3204,R,General function prediction only,,,,
WB44_10205,AKN61404.1,None,membrane protein,WP_012800970.1,1.82939e-10,COG5652,S,Function unknown,,,,
WB44_10215,AKN62359.1,None,"2-pyrone-4,6-dicarboxylate hydrolase",WP_121616147.1,2.54022e-105,COG3618,R,General function prediction only,,,,
WB44_10220,AKN61405.1,None,hypothetical protein,WP_129890709.1,4.2955e-16,COG0596,H,Coenzyme transport and metabolism,R,General function prediction only,,
WB44_10260,AKN61411.1,None,"1,4-beta-glucanase",WP_089073796.1,1.06032e-06,COG3405,G,Carbohydrate transport and metabolism,,,,
WB44_10525,AKN61452.1,None,iron transporter,NP_875595.1,0.0,COG1914,P,Inorganic ion transport and metabolism,,,,
WB44_10530,AKN61453.1,None,heat-shock protein,WP_015110246.1,2.12591e-52,COG0071,O,"Posttranslational modification, protein turnover, chaperones",,,,
WB44_10570,AKN61460.1,None,pirin,WP_011378147.1,6.81669e-96,COG1741,R,General function prediction only,,,,
WB44_10650,AKN61473.1,None,membrane protein,WP_015110226.1,6.21886e-71,COG4803,S,Function unknown,,,,
WB44_10685,AKN62377.1,None,sugar ABC transporter substrate-binding protein,WP_043325849.1,4.22471e-59,COG1653,G,Carbohydrate transport and metabolism,,,,
WB44_10710,AKN61483.1,None,hypothetical protein,WP_043325849.1,2.34071e-45,COG1653,G,Carbohydrate transport and metabolism,,,,
WB44_10720,AKN62378.1,None,hypothetical protein,WP_126453116.1,7.14484e-59,COG3221,P,Inorganic ion transport and metabolism,,,,
WB44_10725,AKN61485.1,None,hypothetical protein,WP_087459859.1,1.34694e-79,COG5001,T,Signal transduction mechanisms,,,,
WB44_10930,AKN61519.1,None,amino acid permease,WP_011997239.1,1.99683e-87,COG0531,E,Amino acid transport and metabolism,,,,
WB44_11000,AKN61532.1,None,hypothetical protein,WP_015110103.1,0.0,COG2308,R,General function prediction only,,,,
WB44_11005,AKN61533.1,None,hypothetical protein,WP_015110104.1,7.60539e-158,COG2307,S,Function unknown,,,,
WB44_11010,AKN61534.1,None,transglutaminase,WP_015110105.1,9.09428e-136,COG1305,O,"Posttranslational modification, protein turnover, chaperones",,,,
WB44_11015,AKN61535.1,None,redox protein,NP_875943.1,2.09402e-33,COG1765,R,General function prediction only,,,,
WB44_11020,AKN61536.1,None,molybdenum cofactor biosynthesis protein MoeA,WP_015110113.1,9.10527e-127,COG2896,H,Coenzyme transport and metabolism,,,,
WB44_11025,AKN62385.1,None,molybdopterin-guanine dinucleotide biosynthesis protein MobA,WP_015110112.1,5.94616e-24,COG0746,H,Coenzyme transport and metabolism,,,,
WB44_11035,AKN61538.1,None,nitrate reductase,WP_015109988.1,0.0,COG0243,C,Energy production and conversion,,,,
WB44_11050,AKN61541.1,None,cyclic pyranopterin monophosphate synthase,WP_015110007.1,1.46217e-59,COG0315,H,Coenzyme transport and metabolism,,,,
WB44_11055,AKN62386.1,None,molybdenum cofactor biosynthesis protein MoeA,WP_015110008.1,8.68217e-165,COG0303,H,Coenzyme transport and metabolism,,,,
WB44_11060,AKN61542.1,None,molybdenum cofactor biosynthesis protein MoaE,WP_015110010.1,7.63612e-44,COG0314,H,Coenzyme transport and metabolism,,,,
WB44_11065,AKN61543.1,None,molybdopterin biosynthesis,WP_015110011.1,6.97136e-18,COG1977,H,Coenzyme transport and metabolism,,,,
WB44_11070,AKN62387.1,None,molybdopterin biosynthesis protein B,WP_015110154.1,2.79449e-90,COG0521,H,Coenzyme transport and metabolism,,,,
WB44_11105,AKN62389.1,None,cyanate hydratase,WP_011244299.1,3.72429e-74,COG1513,P,Inorganic ion transport and metabolism,,,,
WB44_11160,AKN61556.1,None,hypothetical protein,NP_866060.1,2.40301e-15,COG3210,U,"Intracellular trafficking, secretion, and vesicular transport",,,,
WB44_11180,AKN61559.1,None,lipoprotein,WP_083891444.1,7.11927e-63,COG5739,C,Energy production and conversion,,,,
WB44_11845,AKN61666.1,None,hypothetical protein,WP_012164482.1,1.4955e-105,COG0697,E,Amino acid transport and metabolism,R,General function prediction only,G,Carbohydrate transport and metabolism
WB44_11855,AKN61668.1,None,(2Fe-2S)-binding protein,WP_070394784.1,5.04511e-123,COG2717,C,Energy production and conversion,,,,
WB44_11990,AKN61693.1,None,CotB protein,WP_013320288.1,2.71152e-25,COG1413,R,General function prediction only,,,,
WB44_12060,AKN61707.1,None,hypothetical protein,WP_011576200.1,1.69527e-15,COG0457,R,General function prediction only,,,,
WB44_12070,AKN61709.1,None,hypothetical protein,WP_011139964.1,1.95621e-23,COG0438,M,Cell wall/membrane/envelope biogenesis,,,,
WB44_12085,AKN61712.1,None,hypothetical protein,WP_015781300.1,1.05127e-06,COG4783,O,"Posttranslational modification, protein turnover, chaperones",M,Cell wall/membrane/envelope biogenesis,,
WB44_12090,AKN61713.1,None,hypothetical protein,WP_113154394.1,1.70091e-105,COG0438,M,Cell wall/membrane/envelope biogenesis,,,,
WB44_12100,AKN61715.1,None,hypothetical protein,WP_096056559.1,3.73005e-57,COG0707,M,Cell wall/membrane/envelope biogenesis,,,,
WB44_12165,AKN61725.1,None,hypothetical protein,AFU58609.1,5.78715e-14,COG2242,H,Coenzyme transport and metabolism,,,,
WB44_12170,AKN61726.1,None,hypothetical protein,WP_015135617.1,2.22456e-09,COG5545,X,"Mobilome: prophages, transposons",,,,
WB44_12235,AKN61735.1,None,glyoxalase,WP_066964058.1,1.33068e-37,COG2514,Q,"Secondary metabolites biosynthesis, transport and catabolism",,,,
WB44_12445,AKN61767.1,None,deoxyribodipyrimidine photolyase,WP_015109684.1,0.0,COG0415,L,"Replication, recombination and repair",,,,
WB44_12465,AKN61768.1,None,DNA polymerase,WP_044277708.1,1.07693e-29,COG0415,L,"Replication, recombination and repair",,,,
WB44_12470,AKN61769.1,None,deoxyribodipyrimidine photolyase,WP_011378226.1,1.46341e-110,COG0415,L,"Replication, recombination and repair",,,,
WB44_12495,AKN61771.1,None,hypothetical protein,WP_015225149.1,1.67839e-37,COG2931,Q,"Secondary metabolites biosynthesis, transport and catabolism",,,,
WB44_12505,AKN61773.1,None,hypothetical protein,WP_014426928.1,3.14046e-15,COG2207,K,Transcription,,,,
WB44_12525,AKN61775.1,None,BCCT transporter,WP_065537319.1,6.07707e-126,COG1292,M,Cell wall/membrane/envelope biogenesis,,,,
WB44_12530,AKN61776.1,None,sarcosine oxidase,WP_070395996.1,2.90905e-113,COG0665,E,Amino acid transport and metabolism,,,,
WB44_12535,AKN62434.1,None,glutamate dehydrogenase,WP_070395994.1,1.36249e-83,COG0334,E,Amino acid transport and metabolism,,,,
WB44_12540,AKN61777.1,None,SAM-dependent methyltransferase,NP_924885.1,9.15983e-25,COG2230,I,Lipid transport and metabolism,,,,
WB44_12585,AKN62436.1,None,phosphorylase kinase,WP_011378125.1,0.0,COG3387,G,Carbohydrate transport and metabolism,,,,
WB44_12870,AKN61836.1,None,transporter,WP_015110640.1,4.54313e-123,COG1738,J,"Translation, ribosomal structure and biogenesis",,,,
WB44_12990,AKN61856.1,None,glycosyl transferase,WP_013808142.1,8.63282e-21,COG0463,M,Cell wall/membrane/envelope biogenesis,,,,
WB44_12995,AKN62442.1,None,glycosidase,NP_875120.1,0.0,COG0366,G,Carbohydrate transport and metabolism,,,,
WB44_13000,AKN61857.1,None,mannosyl-3-phosphoglycerate phosphatase,NP_875121.1,2.36788e-79,COG3769,G,Carbohydrate transport and metabolism,,,,
WB44_13015,AKN62443.1,None,membrane protein,AIL12464.1,4.4442e-92,COG2860,S,Function unknown,,,,
WB44_13155,AKN61881.1,None,cupin,WP_049749354.1,5.3292e-119,COG3435,Q,"Secondary metabolites biosynthesis, transport and catabolism",,,,
WB44_13535,AKN61948.1,None,Pex protein,WP_080804854.1,2.71443e-28,COG1695,K,Transcription,,,,
WB44_13575,AKN61954.1,None,oxidoreductase,NP_875584.1,5.48288e-136,COG0667,H,Coenzyme transport and metabolism,R,General function prediction only,,
WB44_13610,AKN61961.1,None,glycosyl transferase family 2,WP_015109242.1,3.92654e-49,COG1413,R,General function prediction only,,,,
WB44_13615,AKN61962.1,None,glycosyl transferase family 2,WP_015109241.1,5.9111e-70,COG1413,R,General function prediction only,,,,
WB44_13690,AKN61975.1,None,"phycoerythrin class 2 subunit gamma, linker polypeptide",WP_011124500.1,8.68378e-41,COG5693,C,Energy production and conversion,,,,
WB44_13755,AKN61988.1,None,hypothetical protein,WP_011124500.1,3.48557e-42,COG5693,C,Energy production and conversion,,,,
WB44_13730,AKN61983.1,None,hypothetical protein,WP_015132696.1,8.85511e-47,COG5694,C,Energy production and conversion,,,,
WB44_13735,AKN61984.1,None,phycobilisome linker polypeptide,WP_015132696.1,1.39765e-62,COG5694,C,Energy production and conversion,,,,
WB44_13740,AKN61985.1,None,photosystem I reaction center subunit XII,WP_015192211.1,1.13514e-116,COG5694,C,Energy production and conversion,,,,
