[locus_tag=Syncc8109_0002],[protein_id=AHF62428.1],[gene=None],[protein=hypothetical protein]
[locus_tag=Syncc8109_0009],[protein_id=AHF62435.1],[gene=None],[protein=hypothetical protein]
[locus_tag=Syncc8109_0019],[protein_id=AHF62445.1],[gene=None],[protein=Type II secretory pathway component PulF-like protein]
[locus_tag=Syncc8109_0020],[protein_id=AHF62446.1],[gene=gspE1],[protein=General secretion pathway protein E]
[locus_tag=Syncc8109_0021],[protein_id=AHF62447.1],[gene=None],[protein=putative general secretion pathway protein E]
[locus_tag=Syncc8109_0029],[protein_id=AHF62455.1],[gene=None],[protein=hypothetical protein]
[locus_tag=Syncc8109_0036],[protein_id=AHF62462.1],[gene=None],[protein=hypothetical protein]
[locus_tag=Syncc8109_0040],[protein_id=AHF62466.1],[gene=None],[protein=DEAD/DEAH box helicase-like protein]
[locus_tag=Syncc8109_0041],[protein_id=AHF62467.1],[gene=None],[protein=hypothetical protein]
[locus_tag=Syncc8109_0042],[protein_id=AHF62468.1],[gene=None],[protein=hypothetical protein]
[locus_tag=Syncc8109_0045],[protein_id=AHF62471.1],[gene=None],[protein=hypothetical protein]
[locus_tag=Syncc8109_0046],[protein_id=AHF62472.1],[gene=None],[protein=hypothetical protein]
[locus_tag=Syncc8109_0047],[protein_id=AHF62473.1],[gene=None],[protein=hypothetical protein]
[locus_tag=Syncc8109_0060],[protein_id=AHF62485.1],[gene=None],[protein=hypothetical protein]
[locus_tag=Syncc8109_0067],[protein_id=AHF62492.1],[gene=None],[protein=hypothetical protein]
[locus_tag=Syncc8109_0074],[protein_id=AHF62499.1],[gene=None],[protein=hypothetical protein]
[locus_tag=Syncc8109_0075],[protein_id=AHF62500.1],[gene=None],[protein=hypothetical protein]
[locus_tag=Syncc8109_0083],[protein_id=AHF62506.1],[gene=ycf9],[protein=photosystem II reaction center protein Z]
[locus_tag=Syncc8109_0089],[protein_id=AHF62511.1],[gene=None],[protein=hypothetical protein]
[locus_tag=Syncc8109_0095],[protein_id=AHF62517.1],[gene=None],[protein=putative glycosyltransferase]
[locus_tag=Syncc8109_0096],[protein_id=AHF62518.1],[gene=None],[protein=hypothetical protein]
[locus_tag=Syncc8109_0097],[protein_id=AHF62519.1],[gene=None],[protein=putative glycosyltransferase]
[locus_tag=Syncc8109_0098],[protein_id=AHF62520.1],[gene=None],[protein=hypothetical protein]
[locus_tag=Syncc8109_0099],[protein_id=AHF62521.1],[gene=None],[protein=putative acyltransferase]
[locus_tag=Syncc8109_0100],[protein_id=AHF62522.1],[gene=None],[protein=Hemolysin-type calcium-binding region]
[locus_tag=Syncc8109_0101],[protein_id=AHF62523.1],[gene=None],[protein=Putative glycosyltransferase]
[locus_tag=Syncc8109_0103],[protein_id=AHF62524.1],[gene=None],[protein=hypothetical protein]
[locus_tag=Syncc8109_0105],[protein_id=AHF62526.1],[gene=None],[protein=hypothetical protein]
[locus_tag=Syncc8109_0109],[protein_id=AHF62530.1],[gene=None],[protein=hypothetical protein]
[locus_tag=Syncc8109_0110],[protein_id=AHF62531.1],[gene=None],[protein=hypothetical protein]
[locus_tag=Syncc8109_0131],[protein_id=AHF62551.1],[gene=None],[protein=Twin-arginine translocation pathway signal]
[locus_tag=Syncc8109_0135],[protein_id=AHF62555.1],[gene=None],[protein=hypothetical protein]
[locus_tag=Syncc8109_0136],[protein_id=AHF62556.1],[gene=None],[protein=hypothetical protein]
[locus_tag=Syncc8109_0137],[protein_id=AHF62557.1],[gene=None],[protein=hypothetical protein]
[locus_tag=Syncc8109_0138],[protein_id=AHF62558.1],[gene=None],[protein=hypothetical protein]
[locus_tag=Syncc8109_0139],[protein_id=AHF62559.1],[gene=None],[protein=serine/threonine protein kinase]
[locus_tag=Syncc8109_0145],[protein_id=AHF62565.1],[gene=None],[protein=hypothetical protein]
[locus_tag=Syncc8109_0163],[protein_id=AHF62581.1],[gene=None],[protein=hypothetical protein]
[locus_tag=Syncc8109_0166],[protein_id=AHF62584.1],[gene=glcE],[protein=putative glycolate oxidase subunit GlcE]
[locus_tag=Syncc8109_0168],[protein_id=AHF62586.1],[gene=None],[protein=putative glycolate oxidase subunit (Fe-S) protein]
[locus_tag=Syncc8109_0170],[protein_id=AHF62588.1],[gene=None],[protein=hypothetical protein]
[locus_tag=Syncc8109_0171],[protein_id=AHF62589.1],[gene=None],[protein=hypothetical protein]
[locus_tag=Syncc8109_0172],[protein_id=AHF62590.1],[gene=pfs],[protein=Methylthioadenosine nucleosidase]
[locus_tag=Syncc8109_0173],[protein_id=AHF62591.1],[gene=None],[protein=hypothetical protein]
[locus_tag=Syncc8109_0175],[protein_id=AHF62593.1],[gene=None],[protein=hypothetical protein]
[locus_tag=Syncc8109_0176],[protein_id=AHF62594.1],[gene=None],[protein=hypothetical protein]
[locus_tag=Syncc8109_0177],[protein_id=AHF62595.1],[gene=None],[protein=putative glycosyltransferase]
[locus_tag=Syncc8109_0178],[protein_id=AHF62596.1],[gene=None],[protein=hypothetical protein]
[locus_tag=Syncc8109_0208],[protein_id=AHF62623.1],[gene=None],[protein=hypothetical protein]
[locus_tag=Syncc8109_0209],[protein_id=AHF62624.1],[gene=None],[protein=hypothetical protein]
[locus_tag=Syncc8109_0210],[protein_id=AHF62625.1],[gene=None],[protein=hypothetical protein]
[locus_tag=Syncc8109_0215],[protein_id=AHF62630.1],[gene=None],[protein=hypothetical protein]
[locus_tag=Syncc8109_0218],[protein_id=AHF62631.1],[gene=None],"[protein=putative glycine betaine transporter, BCCT family protein]"
[locus_tag=Syncc8109_0219],[protein_id=AHF62632.1],[gene=solA],[protein=putative sarcosine oxidase]
[locus_tag=Syncc8109_0220],[protein_id=AHF62633.1],[gene=None],[protein=Glutamate dehydrogenase/leucine dehydrogenase-like protein]
[locus_tag=Syncc8109_0221],[protein_id=AHF62634.1],[gene=None],[protein=hypothetical protein]
[locus_tag=Syncc8109_0227],[protein_id=AHF62640.1],[gene=None],[protein=putative occludin/ELL family]
[locus_tag=Syncc8109_0228],[protein_id=AHF62641.1],[gene=None],[protein=putative occludin/ELL family]
[locus_tag=Syncc8109_0232],[protein_id=AHF62644.1],[gene=None],[protein=putative phosphorylase kinase]
[locus_tag=Syncc8109_0233],[protein_id=AHF62645.1],[gene=rffM],"[protein=glycosyl transferase, WecB/TagA/CpsF family]"
[locus_tag=Syncc8109_0241],[protein_id=AHF62653.1],[gene=None],[protein=hypothetical protein]
[locus_tag=Syncc8109_0242],[protein_id=AHF62654.1],[gene=None],[protein=hypothetical protein]
[locus_tag=Syncc8109_0249],[protein_id=AHF62661.1],[gene=None],[protein=hypothetical protein]
[locus_tag=Syncc8109_0251],[protein_id=AHF62662.1],[gene=None],[protein=hypothetical protein]
[locus_tag=Syncc8109_0260],[protein_id=AHF62671.1],[gene=None],[protein=putative alpha mannosidase]
[locus_tag=Syncc8109_0272],[protein_id=AHF62683.1],[gene=thyX],[protein=Thymidylate synthase complementing protein ThyX]
[locus_tag=Syncc8109_0274],[protein_id=AHF62685.1],[gene=None],[protein=hypothetical protein]
[locus_tag=Syncc8109_0275],[protein_id=AHF62686.1],[gene=None],[protein=putative soluble lytic transglycosylase]
[locus_tag=Syncc8109_0277],[protein_id=AHF62688.1],[gene=None],[protein=hypothetical protein]
[locus_tag=Syncc8109_0280],[protein_id=AHF62691.1],[gene=None],[protein=hypothetical protein]
[locus_tag=Syncc8109_0282],[protein_id=AHF62693.1],[gene=None],[protein=hypothetical protein]
[locus_tag=Syncc8109_0283],[protein_id=AHF62694.1],[gene=None],[protein=hypothetical protein]
[locus_tag=Syncc8109_0291],[protein_id=AHF62701.1],[gene=None],[protein=hypothetical protein]
[locus_tag=Syncc8109_0294],[protein_id=AHF62704.1],[gene=None],[protein=hypothetical protein]
[locus_tag=Syncc8109_0295],[protein_id=AHF62705.1],[gene=None],[protein=hypothetical protein]
[locus_tag=Syncc8109_0296],[protein_id=AHF62706.1],[gene=None],[protein=hypothetical protein]
[locus_tag=Syncc8109_0299],[protein_id=AHF62709.1],[gene=None],[protein=hypothetical protein]
[locus_tag=Syncc8109_0301],[protein_id=AHF62710.1],[gene=None],[protein=hypothetical protein]
[locus_tag=Syncc8109_0303],[protein_id=AHF62712.1],[gene=None],[protein=hypothetical protein]
[locus_tag=Syncc8109_0310],[protein_id=AHF62719.1],[gene=None],[protein=hypothetical protein]
[locus_tag=Syncc8109_0311],[protein_id=AHF62720.1],[gene=None],[protein=hypothetical protein]
[locus_tag=Syncc8109_0317],[protein_id=AHF62726.1],[gene=None],[protein=Elongator protein 3/MiaB/NifB]
[locus_tag=Syncc8109_0330],[protein_id=AHF62739.1],[gene=None],[protein=hypothetical protein]
[locus_tag=Syncc8109_0336],[protein_id=AHF62744.1],[gene=None],[protein=hypothetical protein]
[locus_tag=Syncc8109_0339],[protein_id=AHF62747.1],[gene=None],[protein=hypothetical protein]
[locus_tag=Syncc8109_0340],[protein_id=AHF62748.1],[gene=None],[protein=hypothetical protein]
[locus_tag=Syncc8109_0341],[protein_id=AHF62749.1],[gene=None],[protein=putative RND family multidrug efflux transporter]
[locus_tag=Syncc8109_0381],[protein_id=AHF62788.1],[gene=None],[protein=hypothetical protein]
[locus_tag=Syncc8109_0382],[protein_id=AHF62789.1],[gene=None],[protein=hypothetical protein]
[locus_tag=Syncc8109_0385],[protein_id=AHF62792.1],[gene=None],[protein=ATPase]
[locus_tag=Syncc8109_0386],[protein_id=AHF62793.1],[gene=None],[protein=hypothetical protein]
[locus_tag=Syncc8109_0390],[protein_id=AHF62796.1],[gene=None],[protein=hypothetical protein]
[locus_tag=Syncc8109_0395],[protein_id=AHF62801.1],[gene=None],[protein=hypothetical protein]
[locus_tag=Syncc8109_0399],[protein_id=AHF62803.1],[gene=None],[protein=hypothetical protein]
[locus_tag=Syncc8109_0400],[protein_id=AHF62804.1],[gene=None],[protein=hypothetical protein]
[locus_tag=Syncc8109_0402],[protein_id=AHF62806.1],[gene=None],[protein=hypothetical protein]
[locus_tag=Syncc8109_0419],[protein_id=AHF62822.1],[gene=pex],[protein=putative Pex protein]
[locus_tag=Syncc8109_0425],[protein_id=AHF62826.1],[gene=None],[protein=hypothetical protein]
[locus_tag=Syncc8109_0429],[protein_id=AHF62829.1],[gene=None],[protein=hypothetical protein]
[locus_tag=Syncc8109_0431],[protein_id=AHF62831.1],[gene=None],[protein=hypothetical protein]
[locus_tag=Syncc8109_0432],[protein_id=AHF62832.1],[gene=rlpA],[protein=rare lipoprotein A]
[locus_tag=Syncc8109_0435],[protein_id=AHF62835.1],[gene=rpcF],[protein=Phycobilin lyase beta subunit]
[locus_tag=Syncc8109_0436],[protein_id=AHF62836.1],[gene=rpcE],[protein=Phycobilin lyase alpha subunit]
[locus_tag=Syncc8109_0446],[protein_id=AHF62846.1],[gene=None],[protein=hypothetical protein]
[locus_tag=Syncc8109_0447],[protein_id=AHF62847.1],[gene=None],[protein=hypothetical protein]
[locus_tag=Syncc8109_0448],[protein_id=AHF62848.1],[gene=None],[protein=hypothetical protein]
[locus_tag=Syncc8109_0449],[protein_id=AHF62849.1],[gene=None],[protein=hypothetical protein]
[locus_tag=Syncc8109_0450],[protein_id=AHF62850.1],[gene=None],[protein=hypothetical protein]
[locus_tag=Syncc8109_0451],[protein_id=AHF62851.1],[gene=None],[protein=putative bilin biosynthesis protein (CpeY)]
[locus_tag=Syncc8109_0452],[protein_id=AHF62852.1],[gene=cpeZ],[protein=putative bilin biosynthesis protein cpeZ]
[locus_tag=Syncc8109_0453],[protein_id=AHF62853.1],[gene=None],[protein=hypothetical protein]
[locus_tag=Syncc8109_0454],[protein_id=AHF62854.1],[gene=None],[protein=hypothetical protein]
[locus_tag=Syncc8109_0455],[protein_id=AHF62855.1],[gene=araC],"[protein=transcriptional regulator, araC family domain protein]"
[locus_tag=Syncc8109_0456],[protein_id=AHF62856.1],[gene=None],[protein=hypothetical protein]
[locus_tag=Syncc8109_0458],[protein_id=AHF62858.1],[gene=None],[protein=hypothetical protein]
[locus_tag=Syncc8109_0463],[protein_id=AHF62863.1],[gene=None],[protein=hypothetical protein]
[locus_tag=Syncc8109_0464],[protein_id=AHF62864.1],[gene=None],[protein=hypothetical protein]
[locus_tag=Syncc8109_0465],[protein_id=AHF62865.1],[gene=None],[protein=hypothetical protein]
[locus_tag=Syncc8109_0466],[protein_id=AHF62866.1],[gene=None],[protein=hypothetical protein]
[locus_tag=Syncc8109_0473],[protein_id=AHF62873.1],[gene=None],[protein=hypothetical protein]
[locus_tag=Syncc8109_0475],[protein_id=AHF62875.1],[gene=None],[protein=hypothetical protein]
[locus_tag=Syncc8109_0477],[protein_id=AHF62877.1],[gene=None],[protein=hypothetical protein]
[locus_tag=Syncc8109_0478],[protein_id=AHF62878.1],[gene=None],[protein=hypothetical protein]
[locus_tag=Syncc8109_0479],[protein_id=AHF62879.1],[gene=None],[protein=hypothetical protein]
[locus_tag=Syncc8109_0480],[protein_id=AHF62880.1],[gene=None],[protein=hypothetical protein]
[locus_tag=Syncc8109_0481],[protein_id=AHF62881.1],[gene=None],[protein=hypothetical protein]
[locus_tag=Syncc8109_0482],[protein_id=AHF62882.1],[gene=None],[protein=hypothetical protein]
[locus_tag=Syncc8109_0483],[protein_id=AHF62883.1],[gene=None],[protein=hypothetical protein]
[locus_tag=Syncc8109_0484],[protein_id=AHF62884.1],[gene=None],[protein=hypothetical protein]
[locus_tag=Syncc8109_0485],[protein_id=AHF62885.1],[gene=None],[protein=hypothetical protein]
[locus_tag=Syncc8109_0486],[protein_id=AHF62886.1],[gene=None],[protein=hypothetical protein]
[locus_tag=Syncc8109_0487],[protein_id=AHF62887.1],[gene=None],[protein=hypothetical protein]
[locus_tag=Syncc8109_0488],[protein_id=AHF62888.1],[gene=None],[protein=hypothetical protein]
[locus_tag=Syncc8109_0489],[protein_id=AHF62889.1],[gene=None],[protein=hypothetical protein]
[locus_tag=Syncc8109_0490],[protein_id=AHF62890.1],[gene=None],[protein=hypothetical protein]
[locus_tag=Syncc8109_0492],[protein_id=AHF62892.1],[gene=None],[protein=hypothetical protein]
[locus_tag=Syncc8109_0495],[protein_id=AHF62894.1],[gene=None],[protein=hypothetical protein]
[locus_tag=Syncc8109_0497],[protein_id=AHF62896.1],[gene=None],[protein=hypothetical protein]
[locus_tag=Syncc8109_0505],[protein_id=AHF62904.1],[gene=None],[protein=putative ferredoxin (2Fe-2S)]
[locus_tag=Syncc8109_0506],[protein_id=AHF62905.1],[gene=None],[protein=hypothetical protein]
[locus_tag=Syncc8109_0508],[protein_id=AHF62907.1],[gene=None],[protein=hypothetical protein]
[locus_tag=Syncc8109_0510],[protein_id=AHF62909.1],[gene=None],[protein=putative DNA processing protein (Smf family)]
[locus_tag=Syncc8109_0512],[protein_id=AHF62910.1],[gene=None],[protein=hypothetical protein]
[locus_tag=Syncc8109_0517],[protein_id=AHF62913.1],[gene=None],[protein=hypothetical protein]
[locus_tag=Syncc8109_0530],[protein_id=AHF62923.1],[gene=None],[protein=hypothetical protein]
[locus_tag=Syncc8109_0533],[protein_id=AHF62924.1],[gene=None],[protein=hypothetical protein]
[locus_tag=Syncc8109_0536],[protein_id=AHF62925.1],[gene=masA],[protein=putative enolase-phosphatase E-1]
[locus_tag=Syncc8109_0537],[protein_id=AHF62926.1],[gene=mtnB],[protein=putative sugar aldolase]
[locus_tag=Syncc8109_0538],[protein_id=AHF62927.1],[gene=mtnA],[protein=Initiation factor 2B alpha/beta/delta]
[locus_tag=Syncc8109_0545],[protein_id=AHF62934.1],[gene=None],[protein=hypothetical protein]
[locus_tag=Syncc8109_0546],[protein_id=AHF62935.1],[gene=None],[protein=hypothetical protein]
[locus_tag=Syncc8109_0547],[protein_id=AHF62936.1],[gene=None],[protein=hypothetical protein]
[locus_tag=Syncc8109_0548],[protein_id=AHF62937.1],[gene=None],[protein=Glycerol-3-phosphate oxidase]
[locus_tag=Syncc8109_0549],[protein_id=AHF62938.1],[gene=None],[protein=hypothetical protein]
[locus_tag=Syncc8109_0550],[protein_id=AHF62939.1],[gene=None],[protein=putative glycerol kinase]
[locus_tag=Syncc8109_0551],[protein_id=AHF62940.1],[gene=None],"[protein=Alpha amylase, catalytic subdomain protein]"
[locus_tag=Syncc8109_0570],[protein_id=AHF62957.1],[gene=None],[protein=hypothetical protein]
[locus_tag=Syncc8109_0573],[protein_id=AHF62960.1],[gene=None],[protein=hypothetical protein]
[locus_tag=Syncc8109_0575],[protein_id=AHF62962.1],[gene=None],[protein=hypothetical protein]
[locus_tag=Syncc8109_0576],[protein_id=AHF62963.1],[gene=None],[protein=hypothetical protein]
[locus_tag=Syncc8109_0577],[protein_id=AHF62964.1],[gene=None],[protein=hypothetical protein]
[locus_tag=Syncc8109_0578],[protein_id=AHF62965.1],[gene=None],[protein=hypothetical protein]
[locus_tag=Syncc8109_0580],[protein_id=AHF62967.1],[gene=None],[protein=hypothetical protein]
[locus_tag=Syncc8109_0581],[protein_id=AHF62968.1],[gene=None],[protein=hypothetical protein]
[locus_tag=Syncc8109_0582],[protein_id=AHF62969.1],[gene=None],[protein=hypothetical protein]
[locus_tag=Syncc8109_0583],[protein_id=AHF62970.1],[gene=None],[protein=hypothetical protein]
[locus_tag=Syncc8109_0584],[protein_id=AHF62971.1],[gene=None],[protein=hypothetical protein]
[locus_tag=Syncc8109_0586],[protein_id=AHF62973.1],[gene=None],[protein=hypothetical protein]
[locus_tag=Syncc8109_0587],[protein_id=AHF62974.1],[gene=None],[protein=hypothetical protein]
[locus_tag=Syncc8109_0588],[protein_id=AHF62975.1],[gene=None],[protein=hypothetical protein]
[locus_tag=Syncc8109_0589],[protein_id=AHF62976.1],[gene=None],[protein=hypothetical protein]
[locus_tag=Syncc8109_0590],[protein_id=AHF62977.1],[gene=None],[protein=hypothetical protein]
[locus_tag=Syncc8109_0592],[protein_id=AHF62979.1],[gene=None],[protein=hypothetical protein]
[locus_tag=Syncc8109_0594],[protein_id=AHF62981.1],[gene=None],[protein=hypothetical protein]
[locus_tag=Syncc8109_0595],[protein_id=AHF62982.1],[gene=None],[protein=hypothetical protein]
[locus_tag=Syncc8109_0596],[protein_id=AHF62983.1],[gene=None],[protein=hypothetical protein]
[locus_tag=Syncc8109_0597],[protein_id=AHF62984.1],[gene=None],[protein=hypothetical protein]
[locus_tag=Syncc8109_0598],[protein_id=AHF62985.1],[gene=None],[protein=hypothetical protein]
[locus_tag=Syncc8109_0599],[protein_id=AHF62986.1],[gene=None],[protein=hypothetical protein]
[locus_tag=Syncc8109_0601],[protein_id=AHF62988.1],[gene=None],[protein=hypothetical protein]
[locus_tag=Syncc8109_0602],[protein_id=AHF62989.1],[gene=None],[protein=hypothetical protein]
[locus_tag=Syncc8109_0603],[protein_id=AHF62990.1],[gene=None],[protein=hypothetical protein]
[locus_tag=Syncc8109_0604],[protein_id=AHF62991.1],[gene=None],[protein=hypothetical protein]
[locus_tag=Syncc8109_0605],[protein_id=AHF62992.1],[gene=None],[protein=hypothetical protein]
[locus_tag=Syncc8109_0608],[protein_id=AHF62994.1],[gene=None],[protein=hypothetical protein]
[locus_tag=Syncc8109_0609],[protein_id=AHF62995.1],[gene=None],[protein=hypothetical protein]
[locus_tag=Syncc8109_0610],[protein_id=AHF62996.1],[gene=None],[protein=hypothetical protein]
[locus_tag=Syncc8109_0611],[protein_id=AHF62997.1],[gene=None],[protein=hypothetical protein]
[locus_tag=Syncc8109_0612],[protein_id=AHF62998.1],[gene=None],[protein=hypothetical protein]
[locus_tag=Syncc8109_0613],[protein_id=AHF62999.1],[gene=None],[protein=hypothetical protein]
[locus_tag=Syncc8109_0614],[protein_id=AHF63000.1],[gene=None],[protein=hypothetical protein]
[locus_tag=Syncc8109_0615],[protein_id=AHF63001.1],[gene=None],[protein=hypothetical protein]
[locus_tag=Syncc8109_0616],[protein_id=AHF63002.1],[gene=None],[protein=hypothetical protein]
[locus_tag=Syncc8109_0617],[protein_id=AHF63003.1],[gene=None],[protein=hypothetical protein]
[locus_tag=Syncc8109_0618],[protein_id=AHF63004.1],[gene=None],[protein=hypothetical protein]
[locus_tag=Syncc8109_0619],[protein_id=AHF63005.1],[gene=None],[protein=hypothetical protein]
[locus_tag=Syncc8109_0620],[protein_id=AHF63006.1],[gene=None],[protein=hypothetical protein]
[locus_tag=Syncc8109_0622],[protein_id=AHF63008.1],[gene=None],[protein=hypothetical protein]
[locus_tag=Syncc8109_0623],[protein_id=AHF63009.1],[gene=None],[protein=hypothetical protein]
[locus_tag=Syncc8109_0633],[protein_id=AHF63018.1],[gene=None],[protein=hypothetical protein]
[locus_tag=Syncc8109_0635],[protein_id=AHF63020.1],[gene=None],[protein=hypothetical protein]
[locus_tag=Syncc8109_0645],[protein_id=AHF63030.1],[gene=None],[protein=hypothetical protein]
[locus_tag=Syncc8109_0646],[protein_id=AHF63031.1],[gene=None],[protein=hypothetical protein]
[locus_tag=Syncc8109_0651],[protein_id=AHF63036.1],[gene=None],[protein=peptidase family M23/M37]
[locus_tag=Syncc8109_0661],[protein_id=AHF63046.1],[gene=None],[protein=hypothetical protein]
[locus_tag=Syncc8109_0672],[protein_id=AHF63057.1],[gene=nanE],[protein=N-acylglucosamine-6-phosphate 2-epimerase]
[locus_tag=Syncc8109_0677],[protein_id=AHF63062.1],[gene=None],[protein=hypothetical protein]
[locus_tag=Syncc8109_0696],[protein_id=AHF63080.1],[gene=None],[protein=hypothetical protein]
[locus_tag=Syncc8109_0699],[protein_id=AHF63081.1],[gene=nfrC],[protein=UDP-N-acetylglucosamine 2-epimerase]
[locus_tag=Syncc8109_0701],[protein_id=AHF63083.1],[gene=None],[protein=hypothetical protein]
[locus_tag=Syncc8109_0703],[protein_id=AHF63085.1],[gene=None],[protein=hypothetical protein]
[locus_tag=Syncc8109_0704],[protein_id=AHF63086.1],[gene=None],[protein=hypothetical protein]
[locus_tag=Syncc8109_0705],[protein_id=AHF63087.1],[gene=None],[protein=hypothetical protein]
[locus_tag=Syncc8109_0710],[protein_id=AHF63090.1],[gene=None],[protein=hypothetical protein]
[locus_tag=Syncc8109_0713],[protein_id=AHF63093.1],[gene=None],[protein=hypothetical protein]
[locus_tag=Syncc8109_0721],[protein_id=AHF63101.1],[gene=None],[protein=putative cytidine/deoxycytidine deaminase]
[locus_tag=Syncc8109_0722],[protein_id=AHF63102.1],[gene=None],[protein=hypothetical protein]
[locus_tag=Syncc8109_0724],[protein_id=AHF63104.1],[gene=None],[protein=hypothetical protein]
[locus_tag=Syncc8109_0728],[protein_id=AHF63108.1],[gene=None],[protein=hypothetical protein]
[locus_tag=Syncc8109_0729],[protein_id=AHF63109.1],[gene=None],[protein=hypothetical protein]
[locus_tag=Syncc8109_0731],[protein_id=AHF63111.1],[gene=None],[protein=hypothetical protein]
[locus_tag=Syncc8109_0734],[protein_id=AHF63114.1],[gene=None],[protein=serine/threonine specific protein phosphatase]
[locus_tag=Syncc8109_0737],[protein_id=AHF63117.1],[gene=None],[protein=hypothetical protein]
[locus_tag=Syncc8109_0742],[protein_id=AHF63122.1],[gene=None],[protein=hypothetical protein]
[locus_tag=Syncc8109_0745],[protein_id=AHF63125.1],[gene=None],[protein=hypothetical protein]
[locus_tag=Syncc8109_0747],[protein_id=AHF63127.1],[gene=None],[protein=hypothetical protein]
[locus_tag=Syncc8109_0749],[protein_id=AHF63129.1],[gene=None],[protein=hypothetical protein]
[locus_tag=Syncc8109_0762],[protein_id=AHF63142.1],[gene=None],[protein=hypothetical protein]
[locus_tag=Syncc8109_0764],[protein_id=AHF63144.1],[gene=None],[protein=hypothetical protein]
[locus_tag=Syncc8109_0766],[protein_id=AHF63146.1],[gene=fdx],[protein=putative ferredoxin (2Fe-2S)]
[locus_tag=Syncc8109_0768],[protein_id=AHF63148.1],[gene=None],[protein=hypothetical protein]
[locus_tag=Syncc8109_0770],[protein_id=AHF63150.1],[gene=None],[protein=putative dihydroorotase]
[locus_tag=Syncc8109_0776],[protein_id=AHF63156.1],[gene=None],[protein=cyclic nucleotide-binding domain (cNMP-BD) protein]
[locus_tag=Syncc8109_0777],[protein_id=AHF63157.1],[gene=None],[protein=hypothetical protein]
[locus_tag=Syncc8109_0779],[protein_id=AHF63159.1],[gene=None],[protein=hypothetical protein]
[locus_tag=Syncc8109_0780],[protein_id=AHF63160.1],[gene=None],[protein=Ionotropic glutamate receptor]
[locus_tag=Syncc8109_0781],[protein_id=AHF63161.1],[gene=None],[protein=hypothetical protein]
[locus_tag=Syncc8109_0782],[protein_id=AHF63162.1],[gene=None],[protein=hypothetical protein]
[locus_tag=Syncc8109_0783],[protein_id=AHF63163.1],[gene=None],[protein=hypothetical protein]
[locus_tag=Syncc8109_0784],[protein_id=AHF63164.1],[gene=None],[protein=hypothetical protein]
[locus_tag=Syncc8109_0785],[protein_id=AHF63165.1],[gene=None],[protein=hypothetical protein]
[locus_tag=Syncc8109_0786],[protein_id=AHF63166.1],[gene=None],[protein=hypothetical protein]
[locus_tag=Syncc8109_0787],[protein_id=AHF63167.1],[gene=None],[protein=hypothetical protein]
[locus_tag=Syncc8109_0788],[protein_id=AHF63168.1],[gene=None],[protein=hypothetical protein]
[locus_tag=Syncc8109_0789],[protein_id=AHF63169.1],[gene=None],[protein=hypothetical protein]
[locus_tag=Syncc8109_0790],[protein_id=AHF63170.1],[gene=None],[protein=hypothetical protein]
[locus_tag=Syncc8109_0791],[protein_id=AHF63171.1],[gene=None],[protein=hypothetical protein]
[locus_tag=Syncc8109_0792],[protein_id=AHF63172.1],[gene=None],[protein=hypothetical protein]
[locus_tag=Syncc8109_0793],[protein_id=AHF63173.1],[gene=None],[protein=hypothetical protein]
[locus_tag=Syncc8109_0794],[protein_id=AHF63174.1],[gene=None],[protein=putative eoxycytidine triphosphate deaminase]
[locus_tag=Syncc8109_0796],[protein_id=AHF63176.1],[gene=None],[protein=hypothetical protein]
[locus_tag=Syncc8109_0797],[protein_id=AHF63177.1],[gene=None],[protein=hypothetical protein]
[locus_tag=Syncc8109_0798],[protein_id=AHF63178.1],[gene=None],[protein=hypothetical protein]
[locus_tag=Syncc8109_0799],[protein_id=AHF63179.1],[gene=None],[protein=hypothetical protein]
[locus_tag=Syncc8109_0800],[protein_id=AHF63180.1],[gene=None],[protein=hypothetical protein]
[locus_tag=Syncc8109_0801],[protein_id=AHF63181.1],[gene=None],[protein=CBS protein]
[locus_tag=Syncc8109_0812],[protein_id=AHF63192.1],[gene=None],[protein=HAD-superfamily phosphatase subfamily IIIA]
[locus_tag=Syncc8109_0817],[protein_id=AHF63197.1],[gene=None],[protein=hypothetical protein]
[locus_tag=Syncc8109_0818],[protein_id=AHF63198.1],[gene=None],[protein=putative type 4 prepilin peptidase]
[locus_tag=Syncc8109_0824],[protein_id=AHF63202.1],[gene=cbbA],"[protein=fructose-bisphosphate aldolase, class II, Calvin cycle subtype]"
[locus_tag=Syncc8109_0828],[protein_id=AHF63206.1],[gene=None],[protein=hypothetical protein]
[locus_tag=Syncc8109_0829],[protein_id=AHF63207.1],[gene=None],[protein=hypothetical protein]
[locus_tag=Syncc8109_0830],[protein_id=AHF63208.1],[gene=None],[protein=hypothetical protein]
[locus_tag=Syncc8109_0838],[protein_id=AHF63216.1],[gene=None],[protein=hypothetical protein]
[locus_tag=Syncc8109_0839],[protein_id=AHF63217.1],[gene=None],[protein=hypothetical protein]
[locus_tag=Syncc8109_0842],[protein_id=AHF63220.1],[gene=None],[protein=hypothetical protein]
[locus_tag=Syncc8109_0843],[protein_id=AHF63221.1],[gene=None],[protein=Phage integrase family domain protein]
[locus_tag=Syncc8109_0844],[protein_id=AHF63222.1],[gene=None],[protein=hypothetical protein]
[locus_tag=Syncc8109_0845],[protein_id=AHF63223.1],[gene=None],[protein=hypothetical protein]
[locus_tag=Syncc8109_0846],[protein_id=AHF63224.1],[gene=None],[protein=hypothetical protein]
[locus_tag=Syncc8109_0847],[protein_id=AHF63225.1],[gene=None],[protein=hypothetical protein]
[locus_tag=Syncc8109_0848],[protein_id=AHF63226.1],[gene=None],[protein=hypothetical protein]
[locus_tag=Syncc8109_0856],[protein_id=AHF63234.1],[gene=None],[protein=hypothetical protein]
[locus_tag=Syncc8109_0862],[protein_id=AHF63240.1],[gene=alsT],[protein=amino acid carrier protein]
[locus_tag=Syncc8109_0872],[protein_id=AHF63249.1],[gene=None],[protein=hypothetical protein]
[locus_tag=Syncc8109_0876],[protein_id=AHF63253.1],[gene=None],[protein=hypothetical protein]
[locus_tag=Syncc8109_0881],[protein_id=AHF63258.1],[gene=None],[protein=hypothetical protein]
[locus_tag=Syncc8109_0882],[protein_id=AHF63259.1],[gene=None],[protein=hypothetical protein]
[locus_tag=Syncc8109_0886],[protein_id=AHF63263.1],[gene=alkB],[protein=putative alkylated DNA repair protein]
[locus_tag=Syncc8109_0887],[protein_id=AHF63264.1],[gene=None],[protein=hypothetical protein]
[locus_tag=Syncc8109_0891],[protein_id=AHF63268.1],[gene=None],[protein=hypothetical protein]
[locus_tag=Syncc8109_0892],[protein_id=AHF63269.1],[gene=None],[protein=hypothetical protein]
[locus_tag=Syncc8109_0895],[protein_id=AHF63272.1],[gene=None],[protein=hypothetical protein]
[locus_tag=Syncc8109_0896],[protein_id=AHF63273.1],[gene=gst],[protein=putative glutathione S-transferase]
[locus_tag=Syncc8109_0897],[protein_id=AHF63274.1],[gene=None],[protein=hypothetical protein]
[locus_tag=Syncc8109_0901],[protein_id=AHF63278.1],[gene=None],[protein=hypothetical protein]
[locus_tag=Syncc8109_0903],[protein_id=AHF63280.1],[gene=None],[protein=hypothetical protein]
[locus_tag=Syncc8109_0907],[protein_id=AHF63284.1],[gene=icc],"[protein=putative ICC (3',5'-cyclic-nucleotide phosphodiesterase) protein]"
[locus_tag=Syncc8109_0908],[protein_id=AHF63285.1],[gene=None],[protein=hypothetical protein]
[locus_tag=Syncc8109_0909],[protein_id=AHF63286.1],[gene=None],[protein=hypothetical protein]
[locus_tag=Syncc8109_0910],[protein_id=AHF63287.1],[gene=None],[protein=hypothetical protein]
[locus_tag=Syncc8109_0911],[protein_id=AHF63288.1],[gene=None],[protein=hypothetical protein]
[locus_tag=Syncc8109_0912],[protein_id=AHF63289.1],[gene=None],[protein=hypothetical protein]
[locus_tag=Syncc8109_0914],[protein_id=AHF63291.1],[gene=acuC],[protein=putative histone deacetylase/AcuC/AphA family protein]
[locus_tag=Syncc8109_0915],[protein_id=AHF63292.1],[gene=None],[protein=hypothetical protein]
[locus_tag=Syncc8109_0917],[protein_id=AHF63294.1],[gene=None],[protein=hypothetical protein]
[locus_tag=Syncc8109_0918],[protein_id=AHF63295.1],[gene=None],[protein=hypothetical protein]
[locus_tag=Syncc8109_0919],[protein_id=AHF63296.1],[gene=None],[protein=hypothetical protein]
[locus_tag=Syncc8109_0920],[protein_id=AHF63297.1],[gene=None],[protein=hypothetical protein]
[locus_tag=Syncc8109_0921],[protein_id=AHF63298.1],[gene=None],[protein=hypothetical protein]
[locus_tag=Syncc8109_0922],[protein_id=AHF63299.1],[gene=None],[protein=hypothetical protein]
[locus_tag=Syncc8109_0923],[protein_id=AHF63300.1],[gene=None],[protein=hypothetical protein]
[locus_tag=Syncc8109_0924],[protein_id=AHF63301.1],[gene=None],[protein=hypothetical protein]
[locus_tag=Syncc8109_0925],[protein_id=AHF63302.1],[gene=None],[protein=hypothetical protein]
[locus_tag=Syncc8109_0926],[protein_id=AHF63303.1],[gene=None],[protein=hypothetical protein]
[locus_tag=Syncc8109_0927],[protein_id=AHF63304.1],[gene=None],[protein=hypothetical protein]
[locus_tag=Syncc8109_0928],[protein_id=AHF63305.1],[gene=None],[protein=hypothetical protein]
[locus_tag=Syncc8109_0929],[protein_id=AHF63306.1],[gene=None],[protein=hypothetical protein]
[locus_tag=Syncc8109_0932],[protein_id=AHF63309.1],[gene=None],[protein=hypothetical protein]
[locus_tag=Syncc8109_0933],[protein_id=AHF63310.1],[gene=None],[protein=hypothetical protein]
[locus_tag=Syncc8109_0934],[protein_id=AHF63311.1],[gene=None],[protein=putative pectate lyase]
[locus_tag=Syncc8109_0935],[protein_id=AHF63312.1],[gene=None],[protein=hypothetical protein]
[locus_tag=Syncc8109_0936],[protein_id=AHF63313.1],[gene=None],[protein=hypothetical protein]
[locus_tag=Syncc8109_0937],[protein_id=AHF63314.1],[gene=None],[protein=hypothetical protein]
[locus_tag=Syncc8109_0938],[protein_id=AHF63315.1],[gene=None],[protein=hypothetical protein]
[locus_tag=Syncc8109_0939],[protein_id=AHF63316.1],[gene=None],[protein=hypothetical protein]
[locus_tag=Syncc8109_0940],[protein_id=AHF63317.1],[gene=None],[protein=hypothetical protein]
[locus_tag=Syncc8109_0941],[protein_id=AHF63318.1],[gene=None],[protein=hypothetical protein]
[locus_tag=Syncc8109_0943],[protein_id=AHF63319.1],[gene=None],[protein=hypothetical protein]
[locus_tag=Syncc8109_0944],[protein_id=AHF63320.1],[gene=None],[protein=hypothetical protein]
[locus_tag=Syncc8109_0945],[protein_id=AHF63321.1],[gene=None],[protein=hypothetical protein]
[locus_tag=Syncc8109_0946],[protein_id=AHF63322.1],[gene=None],[protein=hypothetical protein]
[locus_tag=Syncc8109_0947],[protein_id=AHF63323.1],[gene=None],[protein=hypothetical protein]
[locus_tag=Syncc8109_0948],[protein_id=AHF63324.1],[gene=None],[protein=hypothetical protein]
[locus_tag=Syncc8109_0949],[protein_id=AHF63325.1],[gene=None],[protein=hypothetical protein]
[locus_tag=Syncc8109_0950],[protein_id=AHF63326.1],[gene=None],[protein=hypothetical protein]
[locus_tag=Syncc8109_0951],[protein_id=AHF63327.1],[gene=None],[protein=hypothetical protein]
[locus_tag=Syncc8109_0952],[protein_id=AHF63328.1],[gene=None],[protein=hypothetical protein]
[locus_tag=Syncc8109_0957],[protein_id=AHF63331.1],[gene=psbY],[protein=PsbY]
[locus_tag=Syncc8109_0959],[protein_id=AHF63333.1],[gene=None],[protein=putative cation efflux transporter (CDF family)]
[locus_tag=Syncc8109_0961],[protein_id=AHF63335.1],[gene=None],[protein=hypothetical protein]
[locus_tag=Syncc8109_0962],[protein_id=AHF63336.1],[gene=None],[protein=hypothetical protein]
[locus_tag=Syncc8109_0963],[protein_id=AHF63337.1],[gene=None],[protein=hypothetical protein]
[locus_tag=Syncc8109_0968],[protein_id=AHF63342.1],[gene=None],[protein=hypothetical protein]
[locus_tag=Syncc8109_0971],[protein_id=AHF63345.1],[gene=None],[protein=hypothetical protein]
[locus_tag=Syncc8109_0972],[protein_id=AHF63346.1],[gene=None],[protein=hypothetical protein]
[locus_tag=Syncc8109_0973],[protein_id=AHF63347.1],[gene=None],[protein=serine/threonine specific protein phosphatase]
[locus_tag=Syncc8109_0975],[protein_id=AHF63349.1],[gene=None],[protein=hypothetical protein]
[locus_tag=Syncc8109_0981],[protein_id=AHF63355.1],[gene=None],[protein=hypothetical protein]
[locus_tag=Syncc8109_0983],[protein_id=AHF63357.1],[gene=None],[protein=hypothetical protein]
[locus_tag=Syncc8109_0986],[protein_id=AHF63360.1],[gene=None],[protein=cell envelope-related function transcriptional attenuator common domain protein]
[locus_tag=Syncc8109_0993],[protein_id=AHF63367.1],[gene=None],[protein=hypothetical protein]
[locus_tag=Syncc8109_0994],[protein_id=AHF63368.1],[gene=None],[protein=hypothetical protein]
[locus_tag=Syncc8109_1005],[protein_id=AHF63379.1],[gene=None],[protein=hypothetical protein]
[locus_tag=Syncc8109_1015],[protein_id=AHF63389.1],[gene=None],[protein=cell envelope-related function transcriptional attenuator common domain protein]
[locus_tag=Syncc8109_1016],[protein_id=AHF63390.1],[gene=None],[protein=hypothetical protein]
[locus_tag=Syncc8109_1018],[protein_id=AHF63392.1],[gene=None],[protein=hypothetical protein]
[locus_tag=Syncc8109_1019],[protein_id=AHF63393.1],[gene=None],[protein=hypothetical protein]
[locus_tag=Syncc8109_1020],[protein_id=AHF63394.1],[gene=None],[protein=hypothetical protein]
[locus_tag=Syncc8109_1021],[protein_id=AHF63395.1],[gene=None],[protein=hypothetical protein]
[locus_tag=Syncc8109_1024],[protein_id=AHF63398.1],[gene=None],[protein=hypothetical protein]
[locus_tag=Syncc8109_1027],[protein_id=AHF63399.1],[gene=None],[protein=hypothetical protein]
[locus_tag=Syncc8109_1028],[protein_id=AHF63400.1],[gene=None],[protein=hypothetical protein]
[locus_tag=Syncc8109_1029],[protein_id=AHF63401.1],[gene=None],[protein=putative permease]
[locus_tag=Syncc8109_1030],[protein_id=AHF63402.1],[gene=None],[protein=hypothetical protein]
[locus_tag=Syncc8109_1031],[protein_id=AHF63403.1],[gene=oplaH],[protein=5-oxoprolinase (ATP-hydrolyzing)]
[locus_tag=Syncc8109_1032],[protein_id=AHF63404.1],[gene=None],[protein=hypothetical protein]
[locus_tag=Syncc8109_1033],[protein_id=AHF63405.1],[gene=None],[protein=hypothetical protein]
[locus_tag=Syncc8109_1035],[protein_id=AHF63407.1],[gene=None],[protein=hypothetical protein]
[locus_tag=Syncc8109_1036],[protein_id=AHF63408.1],[gene=None],[protein=hypothetical protein]
[locus_tag=Syncc8109_1037],[protein_id=AHF63409.1],[gene=None],[protein=hypothetical protein]
[locus_tag=Syncc8109_1041],[protein_id=AHF63413.1],[gene=None],[protein=hypothetical protein]
[locus_tag=Syncc8109_1042],[protein_id=AHF63414.1],[gene=None],[protein=hypothetical protein]
[locus_tag=Syncc8109_1043],[protein_id=AHF63415.1],[gene=None],[protein=hypothetical protein]
[locus_tag=Syncc8109_1044],[protein_id=AHF63416.1],[gene=None],[protein=hypothetical protein]
[locus_tag=Syncc8109_1045],[protein_id=AHF63417.1],[gene=None],[protein=hypothetical protein]
[locus_tag=Syncc8109_1046],[protein_id=AHF63418.1],[gene=None],[protein=hypothetical protein]
[locus_tag=Syncc8109_1047],[protein_id=AHF63419.1],[gene=None],[protein=hypothetical protein]
[locus_tag=Syncc8109_1048],[protein_id=AHF63420.1],[gene=None],[protein=hypothetical protein]
[locus_tag=Syncc8109_1049],[protein_id=AHF63421.1],[gene=None],[protein=hypothetical protein]
[locus_tag=Syncc8109_1052],[protein_id=AHF63424.1],[gene=None],[protein=hypothetical protein]
[locus_tag=Syncc8109_1053],[protein_id=AHF63425.1],[gene=None],[protein=hypothetical protein]
[locus_tag=Syncc8109_1054],[protein_id=AHF63426.1],[gene=None],[protein=hypothetical protein]
[locus_tag=Syncc8109_1061],[protein_id=AHF63432.1],[gene=None],[protein=hypothetical protein]
[locus_tag=Syncc8109_1064],[protein_id=AHF63435.1],[gene=None],[protein=hypothetical protein]
[locus_tag=Syncc8109_1065],[protein_id=AHF63436.1],[gene=None],[protein=hypothetical protein]
[locus_tag=Syncc8109_1066],[protein_id=AHF63437.1],[gene=None],[protein=hypothetical protein]
[locus_tag=Syncc8109_1067],[protein_id=AHF63438.1],[gene=None],[protein=hypothetical protein]
[locus_tag=Syncc8109_1068],[protein_id=AHF63439.1],[gene=None],[protein=hypothetical protein]
[locus_tag=Syncc8109_1069],[protein_id=AHF63440.1],[gene=None],[protein=hypothetical protein]
[locus_tag=Syncc8109_1070],[protein_id=AHF63441.1],[gene=None],[protein=hypothetical protein]
[locus_tag=Syncc8109_1071],[protein_id=AHF63442.1],[gene=None],[protein=hypothetical protein]
[locus_tag=Syncc8109_1074],[protein_id=AHF63445.1],[gene=None],[protein=Gamma-glutamyltransferase]
[locus_tag=Syncc8109_1075],[protein_id=AHF63446.1],[gene=None],[protein=putative phycobilisome linker polypeptide]
[locus_tag=Syncc8109_1076],[protein_id=AHF63447.1],[gene=None],[protein=hypothetical protein]
[locus_tag=Syncc8109_1077],[protein_id=AHF63448.1],[gene=None],[protein=hypothetical protein]
[locus_tag=Syncc8109_1078],[protein_id=AHF63449.1],[gene=None],[protein=hypothetical protein]
[locus_tag=Syncc8109_1079],[protein_id=AHF63450.1],[gene=None],[protein=hypothetical protein]
[locus_tag=Syncc8109_1081],[protein_id=AHF63452.1],[gene=None],[protein=hypothetical protein]
[locus_tag=Syncc8109_1082],[protein_id=AHF63453.1],[gene=None],[protein=hypothetical protein]
[locus_tag=Syncc8109_1083],[protein_id=AHF63454.1],[gene=None],[protein=hypothetical protein]
[locus_tag=Syncc8109_1084],[protein_id=AHF63455.1],[gene=None],[protein=hypothetical protein]
[locus_tag=Syncc8109_1086],[protein_id=AHF63457.1],[gene=None],[protein=hypothetical protein]
[locus_tag=Syncc8109_1087],[protein_id=AHF63458.1],[gene=None],[protein=hypothetical protein]
[locus_tag=Syncc8109_1088],[protein_id=AHF63459.1],[gene=None],[protein=hypothetical protein]
[locus_tag=Syncc8109_1089],[protein_id=AHF63460.1],[gene=None],[protein=hypothetical protein]
[locus_tag=Syncc8109_1090],[protein_id=AHF63461.1],[gene=None],[protein=hypothetical protein]
[locus_tag=Syncc8109_1091],[protein_id=AHF63462.1],[gene=None],[protein=hypothetical protein]
[locus_tag=Syncc8109_1092],[protein_id=AHF63463.1],[gene=None],[protein=hypothetical protein]
[locus_tag=Syncc8109_1093],[protein_id=AHF63464.1],[gene=None],[protein=hypothetical protein]
[locus_tag=Syncc8109_1094],[protein_id=AHF63465.1],[gene=None],[protein=hypothetical protein]
[locus_tag=Syncc8109_1096],[protein_id=AHF63467.1],[gene=None],[protein=hypothetical protein]
[locus_tag=Syncc8109_1097],[protein_id=AHF63468.1],[gene=None],[protein=hypothetical protein]
[locus_tag=Syncc8109_1098],[protein_id=AHF63469.1],[gene=None],[protein=hypothetical protein]
[locus_tag=Syncc8109_1099],[protein_id=AHF63470.1],[gene=None],[protein=hypothetical protein]
[locus_tag=Syncc8109_1102],[protein_id=AHF63473.1],[gene=None],[protein=hypothetical protein]
[locus_tag=Syncc8109_1103],[protein_id=AHF63474.1],[gene=None],[protein=hypothetical protein]
[locus_tag=Syncc8109_1104],[protein_id=AHF63475.1],[gene=None],[protein=hypothetical protein]
[locus_tag=Syncc8109_1105],[protein_id=AHF63476.1],[gene=None],[protein=hypothetical protein]
[locus_tag=Syncc8109_1106],[protein_id=AHF63477.1],[gene=None],[protein=hypothetical protein]
[locus_tag=Syncc8109_1107],[protein_id=AHF63478.1],[gene=None],[protein=hypothetical protein]
[locus_tag=Syncc8109_1108],[protein_id=AHF63479.1],[gene=None],[protein=hypothetical protein]
[locus_tag=Syncc8109_1109],[protein_id=AHF63480.1],[gene=None],[protein=hypothetical protein]
[locus_tag=Syncc8109_1110],[protein_id=AHF63481.1],[gene=None],[protein=response regulator receiver domain protein (CheY-like)]
[locus_tag=Syncc8109_1111],[protein_id=AHF63482.1],[gene=None],[protein=hypothetical protein]
[locus_tag=Syncc8109_1114],[protein_id=AHF63485.1],[gene=None],[protein=hypothetical protein]
[locus_tag=Syncc8109_1115],[protein_id=AHF63486.1],[gene=None],[protein=hypothetical protein]
[locus_tag=Syncc8109_1116],[protein_id=AHF63487.1],[gene=None],[protein=hypothetical protein]
[locus_tag=Syncc8109_1117],[protein_id=AHF63488.1],[gene=None],[protein=hypothetical protein]
[locus_tag=Syncc8109_1119],[protein_id=AHF63490.1],[gene=cypX],[protein=cytochrome P450 family protein]
[locus_tag=Syncc8109_1120],[protein_id=AHF63491.1],[gene=None],[protein=hypothetical protein]
[locus_tag=Syncc8109_1121],[protein_id=AHF63492.1],[gene=None],[protein=hypothetical protein]
[locus_tag=Syncc8109_1122],[protein_id=AHF63493.1],[gene=None],[protein=hypothetical protein]
[locus_tag=Syncc8109_1123],[protein_id=AHF63494.1],[gene=None],[protein=hypothetical protein]
[locus_tag=Syncc8109_1125],[protein_id=AHF63496.1],[gene=None],[protein=hypothetical protein]
[locus_tag=Syncc8109_1126],[protein_id=AHF63497.1],[gene=None],[protein=hypothetical protein]
[locus_tag=Syncc8109_1127],[protein_id=AHF63498.1],[gene=None],[protein=hypothetical protein]
[locus_tag=Syncc8109_1128],[protein_id=AHF63499.1],[gene=None],[protein=hypothetical protein]
[locus_tag=Syncc8109_1129],[protein_id=AHF63500.1],[gene=None],[protein=hypothetical protein]
[locus_tag=Syncc8109_1130],[protein_id=AHF63501.1],[gene=None],[protein=hypothetical protein]
[locus_tag=Syncc8109_1131],[protein_id=AHF63502.1],[gene=None],[protein=hypothetical protein]
[locus_tag=Syncc8109_1132],[protein_id=AHF63503.1],[gene=None],[protein=hypothetical protein]
[locus_tag=Syncc8109_1133],[protein_id=AHF63504.1],[gene=None],[protein=hypothetical protein]
[locus_tag=Syncc8109_1134],[protein_id=AHF63505.1],[gene=None],[protein=hypothetical protein]
[locus_tag=Syncc8109_1136],[protein_id=AHF63507.1],[gene=None],[protein=hypothetical protein]
[locus_tag=Syncc8109_1137],[protein_id=AHF63508.1],[gene=None],[protein=hypothetical protein]
[locus_tag=Syncc8109_1140],[protein_id=AHF63511.1],[gene=None],[protein=hypothetical protein]
[locus_tag=Syncc8109_1141],[protein_id=AHF63512.1],[gene=None],[protein=hypothetical protein]
[locus_tag=Syncc8109_1143],[protein_id=AHF63514.1],[gene=None],[protein=hypothetical protein]
[locus_tag=Syncc8109_1144],[protein_id=AHF63515.1],[gene=sodC],[protein=superoxide dismutase precursor (Cu-Zn)]
[locus_tag=Syncc8109_1145],[protein_id=AHF63516.1],[gene=None],[protein=hypothetical protein]
[locus_tag=Syncc8109_1146],[protein_id=AHF63517.1],[gene=None],[protein=hypothetical protein]
[locus_tag=Syncc8109_1147],[protein_id=AHF63518.1],[gene=None],[protein=hypothetical protein]
[locus_tag=Syncc8109_1149],[protein_id=AHF63519.1],[gene=None],[protein=hypothetical protein]
[locus_tag=Syncc8109_1150],[protein_id=AHF63520.1],[gene=None],[protein=hypothetical protein]
[locus_tag=Syncc8109_1152],[protein_id=AHF63522.1],[gene=None],[protein=hypothetical protein]
[locus_tag=Syncc8109_1153],[protein_id=AHF63523.1],[gene=None],[protein=hypothetical protein]
[locus_tag=Syncc8109_1154],[protein_id=AHF63524.1],[gene=None],[protein=hypothetical protein]
[locus_tag=Syncc8109_1155],[protein_id=AHF63525.1],[gene=None],[protein=hypothetical protein]
[locus_tag=Syncc8109_1159],[protein_id=AHF63529.1],[gene=None],[protein=hypothetical protein]
[locus_tag=Syncc8109_1160],[protein_id=AHF63530.1],[gene=None],[protein=hypothetical protein]
[locus_tag=Syncc8109_1161],[protein_id=AHF63531.1],[gene=None],[protein=hypothetical protein]
[locus_tag=Syncc8109_1162],[protein_id=AHF63532.1],[gene=None],[protein=hypothetical protein]
[locus_tag=Syncc8109_1163],[protein_id=AHF63533.1],[gene=None],[protein=hypothetical protein]
[locus_tag=Syncc8109_1164],[protein_id=AHF63534.1],[gene=None],[protein=hypothetical protein]
[locus_tag=Syncc8109_1165],[protein_id=AHF63535.1],[gene=None],[protein=hypothetical protein]
[locus_tag=Syncc8109_1166],[protein_id=AHF63536.1],[gene=None],[protein=hypothetical protein]
[locus_tag=Syncc8109_1167],[protein_id=AHF63537.1],[gene=udk],[protein=putative phosphoribulokinase/uridine kinase family protein]
[locus_tag=Syncc8109_1168],[protein_id=AHF63538.1],[gene=None],[protein=hypothetical protein]
[locus_tag=Syncc8109_1169],[protein_id=AHF63539.1],[gene=None],[protein=hypothetical protein]
[locus_tag=Syncc8109_1170],[protein_id=AHF63540.1],[gene=None],[protein=hypothetical protein]
[locus_tag=Syncc8109_1175],[protein_id=AHF63545.1],[gene=None],[protein=Phospholipid/glycerol acyltransferase]
[locus_tag=Syncc8109_1177],[protein_id=AHF63547.1],[gene=None],[protein=hypothetical protein]
[locus_tag=Syncc8109_1180],[protein_id=AHF63550.1],[gene=mutT],[protein=NUDIX hydrolase family protein]
[locus_tag=Syncc8109_1184],[protein_id=AHF63554.1],[gene=None],[protein=hypothetical protein]
[locus_tag=Syncc8109_1185],[protein_id=AHF63555.1],[gene=hli7],[protein=putative high light inducible protein]
[locus_tag=Syncc8109_1187],[protein_id=AHF63557.1],[gene=None],[protein=hypothetical protein]
[locus_tag=Syncc8109_1188],[protein_id=AHF63558.1],[gene=None],[protein=Esterase/lipase/thioesterase family active site protein]
[locus_tag=Syncc8109_1189],[protein_id=AHF63559.1],[gene=None],[protein=hypothetical protein]
[locus_tag=Syncc8109_1190],[protein_id=AHF63560.1],[gene=None],[protein=hypothetical protein]
[locus_tag=Syncc8109_1191],[protein_id=AHF63561.1],[gene=None],[protein=hypothetical protein]
[locus_tag=Syncc8109_1192],[protein_id=AHF63562.1],[gene=None],[protein=hypothetical protein]
[locus_tag=Syncc8109_1193],[protein_id=AHF63563.1],[gene=None],[protein=hypothetical protein]
[locus_tag=Syncc8109_1194],[protein_id=AHF63564.1],[gene=None],[protein=hypothetical protein]
[locus_tag=Syncc8109_1195],[protein_id=AHF63565.1],[gene=None],[protein=hypothetical protein]
[locus_tag=Syncc8109_1196],[protein_id=AHF63566.1],[gene=None],[protein=hypothetical protein]
[locus_tag=Syncc8109_1197],[protein_id=AHF63567.1],[gene=None],[protein=hypothetical protein]
[locus_tag=Syncc8109_1199],[protein_id=AHF63569.1],[gene=None],[protein=hypothetical protein]
[locus_tag=Syncc8109_1200],[protein_id=AHF63570.1],[gene=None],[protein=hypothetical protein]
[locus_tag=Syncc8109_1201],[protein_id=AHF63571.1],[gene=None],[protein=hypothetical protein]
[locus_tag=Syncc8109_1203],[protein_id=AHF63573.1],[gene=None],[protein=hypothetical protein]
[locus_tag=Syncc8109_1206],[protein_id=AHF63576.1],[gene=None],[protein=putative ATP-dependent DNA ligase]
[locus_tag=Syncc8109_1207],[protein_id=AHF63577.1],[gene=None],[protein=hypothetical protein]
[locus_tag=Syncc8109_1208],[protein_id=AHF63578.1],[gene=None],[protein=exonuclease involved in mRNA processing]
[locus_tag=Syncc8109_1209],[protein_id=AHF63579.1],[gene=None],[protein=hypothetical protein]
[locus_tag=Syncc8109_1210],[protein_id=AHF63580.1],[gene=None],[protein=hypothetical protein]
[locus_tag=Syncc8109_1212],[protein_id=AHF63582.1],[gene=None],[protein=hypothetical protein]
[locus_tag=Syncc8109_1214],[protein_id=AHF63584.1],[gene=None],[protein=hypothetical protein]
[locus_tag=Syncc8109_1216],[protein_id=AHF63586.1],[gene=None],[protein=hypothetical protein]
[locus_tag=Syncc8109_1217],[protein_id=AHF63587.1],[gene=None],[protein=putative muramidase]
[locus_tag=Syncc8109_1221],[protein_id=AHF63591.1],[gene=lacF],[protein=lactose transport system permease protein]
[locus_tag=Syncc8109_1223],[protein_id=AHF63593.1],[gene=None],[protein=hypothetical protein]
[locus_tag=Syncc8109_1227],[protein_id=AHF63595.1],[gene=None],[protein=hypothetical protein]
[locus_tag=Syncc8109_1228],[protein_id=AHF63596.1],[gene=None],[protein=hypothetical protein]
[locus_tag=Syncc8109_1229],[protein_id=AHF63597.1],[gene=None],[protein=hypothetical protein]
[locus_tag=Syncc8109_1231],[protein_id=AHF63599.1],[gene=None],[protein=hypothetical protein]
[locus_tag=Syncc8109_1234],[protein_id=AHF63602.1],[gene=None],[protein=hypothetical protein]
[locus_tag=Syncc8109_1235],[protein_id=AHF63603.1],[gene=None],[protein=hypothetical protein]
[locus_tag=Syncc8109_1242],[protein_id=AHF63610.1],[gene=None],[protein=hypothetical protein]
[locus_tag=Syncc8109_1251],[protein_id=AHF63619.1],[gene=None],[protein=hypothetical protein]
[locus_tag=Syncc8109_1253],[protein_id=AHF63621.1],[gene=None],"[protein=ABC transporter, likely for trehalose/maltose, membrane component]"
[locus_tag=Syncc8109_1254],[protein_id=AHF63622.1],[gene=None],"[protein=ABC transporter for possibly for trehalose/maltose, membrane component]"
[locus_tag=Syncc8109_1255],[protein_id=AHF63623.1],[gene=None],"[protein=ABC transporter, likely sugar solute binding protein]"
[locus_tag=Syncc8109_1256],[protein_id=AHF63624.1],[gene=ggpS],[protein=Glucosylglycerol-phosphate synthase]
[locus_tag=Syncc8109_1260],[protein_id=AHF63628.1],[gene=None],[protein=ferredoxin]
[locus_tag=Syncc8109_1275],[protein_id=AHF63642.1],[gene=None],[protein=hypothetical protein]
[locus_tag=Syncc8109_1278],[protein_id=AHF63645.1],[gene=None],[protein=hypothetical protein]
[locus_tag=Syncc8109_1279],[protein_id=AHF63646.1],[gene=None],[protein=PDZ/DHR/GLGF protein]
[locus_tag=Syncc8109_1280],[protein_id=AHF63647.1],[gene=None],"[protein=N-acetylmuramoyl-L-alanine amidase, family 2]"
[locus_tag=Syncc8109_1282],[protein_id=AHF63649.1],[gene=None],[protein=hypothetical protein]
[locus_tag=Syncc8109_1283],[protein_id=AHF63650.1],[gene=None],[protein=hypothetical protein]
[locus_tag=Syncc8109_1286],[protein_id=AHF63653.1],[gene=None],[protein=hypothetical protein]
[locus_tag=Syncc8109_1290],[protein_id=AHF63657.1],[gene=None],[protein=hypothetical protein]
[locus_tag=Syncc8109_1292],[protein_id=AHF63659.1],[gene=None],[protein=hypothetical protein]
[locus_tag=Syncc8109_1296],[protein_id=AHF63663.1],[gene=None],[protein=hypothetical protein]
[locus_tag=Syncc8109_1300],[protein_id=AHF63667.1],[gene=None],[protein=hypothetical protein]
[locus_tag=Syncc8109_1305],[protein_id=AHF63672.1],[gene=None],[protein=hypothetical protein]
[locus_tag=Syncc8109_1309],[protein_id=AHF63676.1],[gene=None],[protein=hypothetical protein]
[locus_tag=Syncc8109_1311],[protein_id=AHF63678.1],[gene=None],[protein=hypothetical protein]
[locus_tag=Syncc8109_1313],[protein_id=AHF63680.1],[gene=None],[protein=hypothetical protein]
[locus_tag=Syncc8109_1315],[protein_id=AHF63682.1],[gene=None],[protein=hypothetical protein]
[locus_tag=Syncc8109_1320],[protein_id=AHF63684.1],[gene=None],[protein=hypothetical protein]
[locus_tag=Syncc8109_1322],[protein_id=AHF63686.1],[gene=rumA],"[protein=RNA methyltransferase, TrmA family]"
[locus_tag=Syncc8109_1327],[protein_id=AHF63691.1],[gene=None],[protein=hypothetical protein]
[locus_tag=Syncc8109_1329],[protein_id=AHF63693.1],[gene=None],[protein=hypothetical protein]
[locus_tag=Syncc8109_1331],[protein_id=AHF63695.1],[gene=None],[protein=hypothetical protein]
[locus_tag=Syncc8109_1332],[protein_id=AHF63696.1],[gene=None],[protein=hypothetical protein]
[locus_tag=Syncc8109_1333],[protein_id=AHF63697.1],[gene=pcxA],[protein=CemA family protein]
[locus_tag=Syncc8109_1336],[protein_id=AHF63700.1],[gene=lysM],[protein=Peptidoglycan-binding LysM]
[locus_tag=Syncc8109_1340],[protein_id=AHF63703.1],[gene=None],[protein=hypothetical protein]
[locus_tag=Syncc8109_1342],[protein_id=AHF63705.1],[gene=None],[protein=hypothetical protein]
[locus_tag=Syncc8109_1348],[protein_id=AHF63711.1],[gene=None],[protein=Photosystem II reaction center protein ycf12]
[locus_tag=Syncc8109_1349],[protein_id=AHF63712.1],[gene=None],[protein=hypothetical protein]
[locus_tag=Syncc8109_1352],[protein_id=AHF63715.1],[gene=None],[protein=hypothetical protein]
[locus_tag=Syncc8109_1361],[protein_id=AHF63724.1],[gene=None],[protein=hypothetical protein]
[locus_tag=Syncc8109_1362],[protein_id=AHF63725.1],[gene=None],[protein=hypothetical protein]
[locus_tag=Syncc8109_1365],[protein_id=AHF63728.1],[gene=None],[protein=hypothetical protein]
[locus_tag=Syncc8109_1366],[protein_id=AHF63729.1],[gene=None],[protein=hypothetical protein]
[locus_tag=Syncc8109_1367],[protein_id=AHF63730.1],[gene=None],[protein=hypothetical protein]
[locus_tag=Syncc8109_1368],[protein_id=AHF63731.1],[gene=None],[protein=hypothetical protein]
[locus_tag=Syncc8109_1369],[protein_id=AHF63732.1],[gene=None],[protein=hypothetical protein]
[locus_tag=Syncc8109_1370],[protein_id=AHF63733.1],[gene=None],[protein=hypothetical protein]
[locus_tag=Syncc8109_1371],[protein_id=AHF63734.1],[gene=None],[protein=hypothetical protein]
[locus_tag=Syncc8109_1372],[protein_id=AHF63735.1],[gene=None],[protein=hypothetical protein]
[locus_tag=Syncc8109_1373],[protein_id=AHF63736.1],[gene=None],[protein=hypothetical protein]
[locus_tag=Syncc8109_1374],[protein_id=AHF63737.1],[gene=None],[protein=hypothetical protein]
[locus_tag=Syncc8109_1375],[protein_id=AHF63738.1],[gene=None],[protein=hypothetical protein]
[locus_tag=Syncc8109_1376],[protein_id=AHF63739.1],[gene=None],[protein=hypothetical protein]
[locus_tag=Syncc8109_1380],[protein_id=AHF63743.1],[gene=None],[protein=hypothetical protein]
[locus_tag=Syncc8109_1381],[protein_id=AHF63744.1],[gene=None],[protein=hypothetical protein]
[locus_tag=Syncc8109_1382],[protein_id=AHF63745.1],[gene=None],[protein=hypothetical protein]
[locus_tag=Syncc8109_1383],[protein_id=AHF63746.1],[gene=None],[protein=hypothetical protein]
[locus_tag=Syncc8109_1384],[protein_id=AHF63747.1],[gene=None],[protein=hypothetical protein]
[locus_tag=Syncc8109_1385],[protein_id=AHF63748.1],[gene=None],[protein=hypothetical protein]
[locus_tag=Syncc8109_1386],[protein_id=AHF63749.1],[gene=None],[protein=hypothetical protein]
[locus_tag=Syncc8109_1399],[protein_id=AHF63762.1],[gene=None],[protein=hypothetical protein]
[locus_tag=Syncc8109_1400],[protein_id=AHF63763.1],[gene=None],[protein=hypothetical protein]
[locus_tag=Syncc8109_1402],[protein_id=AHF63765.1],[gene=None],[protein=hypothetical protein]
[locus_tag=Syncc8109_1408],[protein_id=AHF63771.1],[gene=None],[protein=hypothetical protein]
[locus_tag=Syncc8109_1412],[protein_id=AHF63775.1],[gene=None],[protein=hypothetical protein]
[locus_tag=Syncc8109_1414],[protein_id=AHF63776.1],[gene=None],[protein=hypothetical protein]
[locus_tag=Syncc8109_1415],[protein_id=AHF63777.1],[gene=None],[protein=hypothetical protein]
[locus_tag=Syncc8109_1416],[protein_id=AHF63778.1],[gene=None],[protein=hypothetical protein]
[locus_tag=Syncc8109_1417],[protein_id=AHF63779.1],[gene=None],[protein=hypothetical protein]
[locus_tag=Syncc8109_1418],[protein_id=AHF63780.1],[gene=None],[protein=hypothetical protein]
[locus_tag=Syncc8109_1419],[protein_id=AHF63781.1],[gene=None],[protein=hypothetical protein]
[locus_tag=Syncc8109_1421],[protein_id=AHF63783.1],[gene=None],[protein=hypothetical protein]
[locus_tag=Syncc8109_1422],[protein_id=AHF63784.1],[gene=None],[protein=putative inner membrane protein]
[locus_tag=Syncc8109_1424],[protein_id=AHF63786.1],[gene=None],[protein=hypothetical protein]
[locus_tag=Syncc8109_1426],[protein_id=AHF63788.1],[gene=None],[protein=hypothetical protein]
[locus_tag=Syncc8109_1427],[protein_id=AHF63789.1],[gene=None],[protein=hypothetical protein]
[locus_tag=Syncc8109_1440],[protein_id=AHF63802.1],[gene=None],[protein=hypothetical protein]
[locus_tag=Syncc8109_1441],[protein_id=AHF63803.1],[gene=None],[protein=hypothetical protein]
[locus_tag=Syncc8109_1445],[protein_id=AHF63807.1],[gene=None],[protein=hypothetical protein]
[locus_tag=Syncc8109_1448],[protein_id=AHF63810.1],[gene=None],[protein=putative peptidase U32 family protein]
[locus_tag=Syncc8109_1451],[protein_id=AHF63813.1],[gene=None],[protein=hypothetical protein]
[locus_tag=Syncc8109_1478],[protein_id=AHF63840.1],[gene=None],[protein=hypothetical protein]
[locus_tag=Syncc8109_1486],[protein_id=AHF63848.1],[gene=None],[protein=hypothetical protein]
[locus_tag=Syncc8109_1487],[protein_id=AHF63849.1],[gene=None],[protein=hypothetical protein]
[locus_tag=Syncc8109_1493],[protein_id=AHF63854.1],[gene=None],[protein=hypothetical protein]
[locus_tag=Syncc8109_1497],[protein_id=AHF63858.1],[gene=None],[protein=hypothetical protein]
[locus_tag=Syncc8109_1498],[protein_id=AHF63859.1],[gene=None],[protein=hypothetical protein]
[locus_tag=Syncc8109_1499],[protein_id=AHF63860.1],[gene=None],[protein=hypothetical protein]
[locus_tag=Syncc8109_1500],[protein_id=AHF63861.1],[gene=None],[protein=hypothetical protein]
[locus_tag=Syncc8109_1501],[protein_id=AHF63862.1],[gene=None],[protein=hypothetical protein]
[locus_tag=Syncc8109_1502],[protein_id=AHF63863.1],[gene=None],[protein=hypothetical protein]
[locus_tag=Syncc8109_1503],[protein_id=AHF63864.1],[gene=None],[protein=phage capsid family protein]
[locus_tag=Syncc8109_1504],[protein_id=AHF63865.1],[gene=None],[protein=hypothetical protein]
[locus_tag=Syncc8109_1505],[protein_id=AHF63866.1],[gene=None],[protein=hypothetical protein]
[locus_tag=Syncc8109_1506],[protein_id=AHF63867.1],[gene=None],[protein=hypothetical protein]
[locus_tag=Syncc8109_1507],[protein_id=AHF63868.1],[gene=None],[protein=hypothetical protein]
[locus_tag=Syncc8109_1508],[protein_id=AHF63869.1],[gene=None],[protein=hypothetical protein]
[locus_tag=Syncc8109_1509],[protein_id=AHF63870.1],[gene=None],[protein=hypothetical protein]
[locus_tag=Syncc8109_1513],[protein_id=AHF63874.1],[gene=None],[protein=hypothetical protein]
[locus_tag=Syncc8109_1514],[protein_id=AHF63875.1],[gene=None],[protein=hypothetical protein]
[locus_tag=Syncc8109_1519],[protein_id=AHF63880.1],[gene=None],[protein=hypothetical protein]
[locus_tag=Syncc8109_1522],[protein_id=AHF63883.1],[gene=None],[protein=hypothetical protein]
[locus_tag=Syncc8109_1536],[protein_id=AHF63897.1],[gene=None],[protein=hypothetical protein]
[locus_tag=Syncc8109_1537],[protein_id=AHF63898.1],[gene=None],[protein=hypothetical protein]
[locus_tag=Syncc8109_1539],[protein_id=AHF63900.1],[gene=None],[protein=hypothetical protein]
[locus_tag=Syncc8109_1544],[protein_id=AHF63904.1],[gene=None],[protein=hypothetical protein]
[locus_tag=Syncc8109_1546],[protein_id=AHF63906.1],[gene=None],[protein=hypothetical protein]
[locus_tag=Syncc8109_1561],[protein_id=AHF63921.1],[gene=None],[protein=hypothetical protein]
[locus_tag=Syncc8109_1573],[protein_id=AHF63930.1],[gene=None],[protein=hypothetical protein]
[locus_tag=Syncc8109_1574],[protein_id=AHF63931.1],[gene=None],[protein=hypothetical protein]
[locus_tag=Syncc8109_1575],[protein_id=AHF63932.1],[gene=None],[protein=hypothetical protein]
[locus_tag=Syncc8109_1576],[protein_id=AHF63933.1],[gene=None],[protein=hypothetical protein]
[locus_tag=Syncc8109_1577],[protein_id=AHF63934.1],[gene=None],[protein=hypothetical protein]
[locus_tag=Syncc8109_1578],[protein_id=AHF63935.1],[gene=None],[protein=hypothetical protein]
[locus_tag=Syncc8109_1579],[protein_id=AHF63936.1],[gene=None],[protein=hypothetical protein]
[locus_tag=Syncc8109_1581],[protein_id=AHF63938.1],[gene=None],[protein=hypothetical protein]
[locus_tag=Syncc8109_1582],[protein_id=AHF63939.1],[gene=None],[protein=hypothetical protein]
[locus_tag=Syncc8109_1583],[protein_id=AHF63940.1],[gene=None],[protein=hypothetical protein]
[locus_tag=Syncc8109_1584],[protein_id=AHF63941.1],[gene=None],[protein=hypothetical protein]
[locus_tag=Syncc8109_1585],[protein_id=AHF63942.1],[gene=None],[protein=hypothetical protein]
[locus_tag=Syncc8109_1587],[protein_id=AHF63944.1],[gene=None],[protein=hypothetical protein]
[locus_tag=Syncc8109_1588],[protein_id=AHF63945.1],[gene=None],[protein=hypothetical protein]
[locus_tag=Syncc8109_1589],[protein_id=AHF63946.1],[gene=None],[protein=hypothetical protein]
[locus_tag=Syncc8109_1590],[protein_id=AHF63947.1],[gene=None],[protein=hypothetical protein]
[locus_tag=Syncc8109_1593],[protein_id=AHF63950.1],[gene=None],[protein=hypothetical protein]
[locus_tag=Syncc8109_1594],[protein_id=AHF63951.1],[gene=None],[protein=hypothetical protein]
[locus_tag=Syncc8109_1595],[protein_id=AHF63952.1],[gene=None],[protein=hypothetical protein]
[locus_tag=Syncc8109_1597],[protein_id=AHF63954.1],[gene=None],[protein=hypothetical protein]
[locus_tag=Syncc8109_1598],[protein_id=AHF63955.1],[gene=None],[protein=hypothetical protein]
[locus_tag=Syncc8109_1599],[protein_id=AHF63956.1],[gene=None],[protein=hypothetical protein]
[locus_tag=Syncc8109_1601],[protein_id=AHF63958.1],[gene=None],[protein=hypothetical protein]
[locus_tag=Syncc8109_1603],[protein_id=AHF63960.1],[gene=None],[protein=hypothetical protein]
[locus_tag=Syncc8109_1604],[protein_id=AHF63961.1],[gene=None],[protein=hypothetical protein]
[locus_tag=Syncc8109_1605],[protein_id=AHF63962.1],[gene=None],[protein=hypothetical protein]
[locus_tag=Syncc8109_1606],[protein_id=AHF63963.1],[gene=None],[protein=hypothetical protein]
[locus_tag=Syncc8109_1607],[protein_id=AHF63964.1],[gene=None],[protein=hypothetical protein]
[locus_tag=Syncc8109_1608],[protein_id=AHF63965.1],[gene=None],[protein=hypothetical protein]
[locus_tag=Syncc8109_1609],[protein_id=AHF63966.1],[gene=None],[protein=hypothetical protein]
[locus_tag=Syncc8109_1610],[protein_id=AHF63967.1],[gene=None],[protein=hypothetical protein]
[locus_tag=Syncc8109_1612],[protein_id=AHF63969.1],[gene=None],[protein=hypothetical protein]
[locus_tag=Syncc8109_1614],[protein_id=AHF63971.1],[gene=None],[protein=hypothetical protein]
[locus_tag=Syncc8109_1615],[protein_id=AHF63972.1],[gene=None],[protein=hypothetical protein]
[locus_tag=Syncc8109_1616],[protein_id=AHF63973.1],[gene=None],[protein=hypothetical protein]
[locus_tag=Syncc8109_1617],[protein_id=AHF63974.1],[gene=None],[protein=hypothetical protein]
[locus_tag=Syncc8109_1619],[protein_id=AHF63976.1],[gene=None],[protein=hypothetical protein]
[locus_tag=Syncc8109_1621],[protein_id=AHF63978.1],[gene=None],[protein=hypothetical protein]
[locus_tag=Syncc8109_1622],[protein_id=AHF63979.1],[gene=None],[protein=hypothetical protein]
[locus_tag=Syncc8109_1623],[protein_id=AHF63980.1],[gene=None],[protein=hypothetical protein]
[locus_tag=Syncc8109_1624],[protein_id=AHF63981.1],[gene=None],[protein=hypothetical protein]
[locus_tag=Syncc8109_1625],[protein_id=AHF63982.1],[gene=None],[protein=hypothetical protein]
[locus_tag=Syncc8109_1626],[protein_id=AHF63983.1],[gene=None],[protein=hypothetical protein]
[locus_tag=Syncc8109_1629],[protein_id=AHF63986.1],[gene=None],[protein=hypothetical protein]
[locus_tag=Syncc8109_1630],[protein_id=AHF63987.1],[gene=None],[protein=hypothetical protein]
[locus_tag=Syncc8109_1632],[protein_id=AHF63989.1],[gene=None],[protein=hypothetical protein]
[locus_tag=Syncc8109_1633],[protein_id=AHF63990.1],[gene=None],[protein=hypothetical protein]
[locus_tag=Syncc8109_1637],[protein_id=AHF63994.1],[gene=None],[protein=hypothetical protein]
[locus_tag=Syncc8109_1638],[protein_id=AHF63995.1],[gene=None],[protein=hypothetical protein]
[locus_tag=Syncc8109_1640],[protein_id=AHF63997.1],[gene=None],[protein=hypothetical protein]
[locus_tag=Syncc8109_1642],[protein_id=AHF63999.1],[gene=None],[protein=hypothetical protein]
[locus_tag=Syncc8109_1643],[protein_id=AHF64000.1],[gene=None],[protein=hypothetical protein]
[locus_tag=Syncc8109_1644],[protein_id=AHF64001.1],[gene=None],[protein=hypothetical protein]
[locus_tag=Syncc8109_1645],[protein_id=AHF64002.1],[gene=None],[protein=hypothetical protein]
[locus_tag=Syncc8109_1649],[protein_id=AHF64006.1],[gene=None],[protein=cation diffusion facilitator family transporter]
[locus_tag=Syncc8109_1653],[protein_id=AHF64010.1],[gene=None],[protein=hypothetical protein]
[locus_tag=Syncc8109_1654],[protein_id=AHF64011.1],[gene=None],[protein=putative muramidase]
[locus_tag=Syncc8109_1655],[protein_id=AHF64012.1],[gene=None],[protein=hypothetical protein]
[locus_tag=Syncc8109_1665],[protein_id=AHF64022.1],[gene=None],[protein=ROK family sugar kinase]
[locus_tag=Syncc8109_1676],[protein_id=AHF64033.1],[gene=None],[protein=hypothetical protein]
[locus_tag=Syncc8109_1677],[protein_id=AHF64034.1],[gene=None],[protein=hypothetical protein]
[locus_tag=Syncc8109_1678],[protein_id=AHF64035.1],[gene=None],[protein=hypothetical protein]
[locus_tag=Syncc8109_1680],[protein_id=AHF64037.1],[gene=None],[protein=hypothetical protein]
[locus_tag=Syncc8109_1684],[protein_id=AHF64041.1],[gene=None],[protein=hypothetical protein]
[locus_tag=Syncc8109_1685],[protein_id=AHF64042.1],[gene=None],[protein=hypothetical protein]
[locus_tag=Syncc8109_1687],[protein_id=AHF64044.1],[gene=None],[protein=hypothetical protein]
[locus_tag=Syncc8109_1691],[protein_id=AHF64048.1],[gene=None],[protein=hypothetical protein]
[locus_tag=Syncc8109_1692],[protein_id=AHF64049.1],[gene=None],[protein=hypothetical protein]
[locus_tag=Syncc8109_1708],[protein_id=AHF64064.1],[gene=None],[protein=hypothetical protein]
[locus_tag=Syncc8109_1709],[protein_id=AHF64065.1],[gene=None],[protein=hypothetical protein]
[locus_tag=Syncc8109_1711],[protein_id=AHF64067.1],[gene=None],[protein=hypothetical protein]
[locus_tag=Syncc8109_1722],[protein_id=AHF64078.1],[gene=None],[protein=hypothetical protein]
[locus_tag=Syncc8109_1723],[protein_id=AHF64079.1],[gene=None],[protein=hypothetical protein]
[locus_tag=Syncc8109_1724],[protein_id=AHF64080.1],[gene=None],[protein=putative phage-related protein]
[locus_tag=Syncc8109_1725],[protein_id=AHF64081.1],[gene=None],[protein=hypothetical protein]
[locus_tag=Syncc8109_1726],[protein_id=AHF64082.1],[gene=None],[protein=putative phage-related protein]
[locus_tag=Syncc8109_1727],[protein_id=AHF64083.1],[gene=None],[protein=hypothetical protein]
[locus_tag=Syncc8109_1728],[protein_id=AHF64084.1],[gene=None],[protein=Subtilisin-like serine proteases-like protein]
[locus_tag=Syncc8109_1729],[protein_id=AHF64085.1],[gene=None],[protein=hypothetical protein]
[locus_tag=Syncc8109_1730],[protein_id=AHF64086.1],[gene=None],[protein=hypothetical protein]
[locus_tag=Syncc8109_1731],[protein_id=AHF64087.1],[gene=None],[protein=hypothetical protein]
[locus_tag=Syncc8109_1732],[protein_id=AHF64088.1],[gene=None],[protein=putative phage-related protein]
[locus_tag=Syncc8109_1733],[protein_id=AHF64089.1],[gene=None],[protein=hypothetical protein]
[locus_tag=Syncc8109_1734],[protein_id=AHF64090.1],[gene=None],[protein=hypothetical protein]
[locus_tag=Syncc8109_1735],[protein_id=AHF64091.1],[gene=None],[protein=hypothetical protein]
[locus_tag=Syncc8109_1736],[protein_id=AHF64092.1],[gene=None],[protein=hypothetical protein]
[locus_tag=Syncc8109_1737],[protein_id=AHF64093.1],[gene=None],[protein=hypothetical protein]
[locus_tag=Syncc8109_1738],[protein_id=AHF64094.1],[gene=None],[protein=hypothetical protein]
[locus_tag=Syncc8109_1739],[protein_id=AHF64095.1],[gene=None],[protein=hypothetical protein]
[locus_tag=Syncc8109_1740],[protein_id=AHF64096.1],[gene=None],[protein=hypothetical protein]
[locus_tag=Syncc8109_1741],[protein_id=AHF64097.1],[gene=None],[protein=hypothetical protein]
[locus_tag=Syncc8109_1742],[protein_id=AHF64098.1],[gene=None],[protein=hypothetical protein]
[locus_tag=Syncc8109_1743],[protein_id=AHF64099.1],[gene=None],[protein=hypothetical protein]
[locus_tag=Syncc8109_1744],[protein_id=AHF64100.1],[gene=None],[protein=hypothetical protein]
[locus_tag=Syncc8109_1745],[protein_id=AHF64101.1],[gene=None],[protein=putative phycobilisome linker polypeptide]
[locus_tag=Syncc8109_1746],[protein_id=AHF64102.1],[gene=None],[protein=hypothetical protein]
[locus_tag=Syncc8109_1747],[protein_id=AHF64103.1],[gene=None],[protein=hypothetical protein]
[locus_tag=Syncc8109_1748],[protein_id=AHF64104.1],[gene=None],[protein=hypothetical protein]
[locus_tag=Syncc8109_1749],[protein_id=AHF64105.1],[gene=None],[protein=hypothetical protein]
[locus_tag=Syncc8109_1750],[protein_id=AHF64106.1],[gene=None],[protein=hypothetical protein]
[locus_tag=Syncc8109_1752],[protein_id=AHF64108.1],[gene=None],[protein=hypothetical protein]
[locus_tag=Syncc8109_1753],[protein_id=AHF64109.1],[gene=None],[protein=hypothetical protein]
[locus_tag=Syncc8109_1754],[protein_id=AHF64110.1],[gene=None],[protein=hypothetical protein]
[locus_tag=Syncc8109_1755],[protein_id=AHF64111.1],[gene=None],[protein=hypothetical protein]
[locus_tag=Syncc8109_1756],[protein_id=AHF64112.1],[gene=None],[protein=hypothetical protein]
[locus_tag=Syncc8109_1758],[protein_id=AHF64114.1],[gene=None],[protein=hypothetical protein]
[locus_tag=Syncc8109_1759],[protein_id=AHF64115.1],[gene=None],[protein=hypothetical protein]
[locus_tag=Syncc8109_1761],[protein_id=AHF64117.1],[gene=None],[protein=hypothetical protein]
[locus_tag=Syncc8109_1763],[protein_id=AHF64119.1],[gene=None],[protein=hypothetical protein]
[locus_tag=Syncc8109_1764],[protein_id=AHF64120.1],[gene=None],[protein=hypothetical protein]
[locus_tag=Syncc8109_1765],[protein_id=AHF64121.1],[gene=None],[protein=hypothetical protein]
[locus_tag=Syncc8109_1766],[protein_id=AHF64122.1],[gene=None],[protein=hypothetical protein]
[locus_tag=Syncc8109_1767],[protein_id=AHF64123.1],[gene=None],[protein=hypothetical protein]
[locus_tag=Syncc8109_1768],[protein_id=AHF64124.1],[gene=None],[protein=hypothetical protein]
[locus_tag=Syncc8109_1769],[protein_id=AHF64125.1],[gene=None],[protein=hypothetical protein]
[locus_tag=Syncc8109_1770],[protein_id=AHF64126.1],[gene=None],[protein=hypothetical protein]
[locus_tag=Syncc8109_1772],[protein_id=AHF64128.1],[gene=None],[protein=hypothetical protein]
[locus_tag=Syncc8109_1773],[protein_id=AHF64129.1],[gene=None],[protein=hypothetical protein]
[locus_tag=Syncc8109_1774],[protein_id=AHF64130.1],[gene=None],[protein=hypothetical protein]
[locus_tag=Syncc8109_1777],[protein_id=AHF64132.1],[gene=None],[protein=hypothetical protein]
[locus_tag=Syncc8109_1778],[protein_id=AHF64133.1],[gene=None],[protein=hypothetical protein]
[locus_tag=Syncc8109_1779],[protein_id=AHF64134.1],[gene=None],[protein=hypothetical protein]
[locus_tag=Syncc8109_1780],[protein_id=AHF64135.1],[gene=None],[protein=hypothetical protein]
[locus_tag=Syncc8109_1781],[protein_id=AHF64136.1],[gene=None],[protein=nuclease (SNase-like)]
[locus_tag=Syncc8109_1782],[protein_id=AHF64137.1],[gene=None],[protein=hypothetical protein]
[locus_tag=Syncc8109_1783],[protein_id=AHF64138.1],[gene=None],[protein=hypothetical protein]
[locus_tag=Syncc8109_1784],[protein_id=AHF64139.1],[gene=dps],[protein=Dps protein family protein]
[locus_tag=Syncc8109_1785],[protein_id=AHF64140.1],[gene=None],[protein=hypothetical protein]
[locus_tag=Syncc8109_1786],[protein_id=AHF64141.1],[gene=None],[protein=hypothetical protein]
[locus_tag=Syncc8109_1787],[protein_id=AHF64142.1],[gene=None],[protein=hypothetical protein]
[locus_tag=Syncc8109_1788],[protein_id=AHF64143.1],[gene=None],[protein=hypothetical protein]
[locus_tag=Syncc8109_1789],[protein_id=AHF64144.1],[gene=None],[protein=hypothetical protein]
[locus_tag=Syncc8109_1790],[protein_id=AHF64145.1],[gene=None],[protein=hypothetical protein]
[locus_tag=Syncc8109_1791],[protein_id=AHF64146.1],[gene=None],[protein=hypothetical protein]
[locus_tag=Syncc8109_1793],[protein_id=AHF64147.1],[gene=None],[protein=hypothetical protein]
[locus_tag=Syncc8109_1794],[protein_id=AHF64148.1],[gene=None],[protein=hypothetical protein]
[locus_tag=Syncc8109_1795],[protein_id=AHF64149.1],[gene=None],[protein=hypothetical protein]
[locus_tag=Syncc8109_1796],[protein_id=AHF64150.1],[gene=None],[protein=hypothetical protein]
[locus_tag=Syncc8109_1797],[protein_id=AHF64151.1],[gene=None],[protein=hypothetical protein]
[locus_tag=Syncc8109_1798],[protein_id=AHF64152.1],[gene=None],[protein=hypothetical protein]
[locus_tag=Syncc8109_1799],[protein_id=AHF64153.1],[gene=None],[protein=hypothetical protein]
[locus_tag=Syncc8109_1800],[protein_id=AHF64154.1],[gene=None],[protein=hypothetical protein]
[locus_tag=Syncc8109_1801],[protein_id=AHF64155.1],[gene=None],[protein=hypothetical protein]
[locus_tag=Syncc8109_1802],[protein_id=AHF64156.1],[gene=None],[protein=hypothetical protein]
[locus_tag=Syncc8109_1803],[protein_id=AHF64157.1],[gene=None],[protein=hypothetical protein]
[locus_tag=Syncc8109_1805],[protein_id=AHF64159.1],[gene=None],[protein=hypothetical protein]
[locus_tag=Syncc8109_1806],[protein_id=AHF64160.1],[gene=None],[protein=hypothetical protein]
[locus_tag=Syncc8109_1807],[protein_id=AHF64161.1],[gene=None],[protein=hypothetical protein]
[locus_tag=Syncc8109_1809],[protein_id=AHF64163.1],[gene=None],[protein=hypothetical protein]
[locus_tag=Syncc8109_1814],[protein_id=AHF64166.1],[gene=None],[protein=hypothetical protein]
[locus_tag=Syncc8109_1818],[protein_id=AHF64170.1],[gene=None],[protein=hypothetical protein]
[locus_tag=Syncc8109_1821],[protein_id=AHF64173.1],[gene=None],[protein=hypothetical protein]
[locus_tag=Syncc8109_1822],[protein_id=AHF64174.1],[gene=None],[protein=hypothetical protein]
[locus_tag=Syncc8109_1824],[protein_id=AHF64176.1],[gene=None],[protein=hypothetical protein]
[locus_tag=Syncc8109_1826],[protein_id=AHF64178.1],[gene=None],[protein=hypothetical protein]
[locus_tag=Syncc8109_1841],[protein_id=AHF64193.1],[gene=None],[protein=hypothetical protein]
[locus_tag=Syncc8109_1854],[protein_id=AHF64206.1],[gene=None],[protein=hypothetical protein]
[locus_tag=Syncc8109_1859],[protein_id=AHF64211.1],[gene=None],[protein=hypothetical protein]
[locus_tag=Syncc8109_1872],[protein_id=AHF64222.1],[gene=None],[protein=hypothetical protein]
[locus_tag=Syncc8109_1874],[protein_id=AHF64223.1],[gene=None],[protein=hypothetical protein]
[locus_tag=Syncc8109_1875],[protein_id=AHF64224.1],[gene=None],[protein=hypothetical protein]
[locus_tag=Syncc8109_1883],[protein_id=AHF64231.1],[gene=None],[protein=enoyl-CoA hydratase]
[locus_tag=Syncc8109_1884],[protein_id=AHF64232.1],[gene=None],[protein=hypothetical protein]
[locus_tag=Syncc8109_1895],[protein_id=AHF64242.1],[gene=None],[protein=putative omEC/Rec2-related protein]
[locus_tag=Syncc8109_1897],[protein_id=AHF64243.1],[gene=None],[protein=hypothetical protein]
[locus_tag=Syncc8109_1900],[protein_id=AHF64245.1],[gene=None],[protein=hypothetical protein]
[locus_tag=Syncc8109_1907],[protein_id=AHF64252.1],[gene=None],[protein=methylated-DNA--protein-cysteine methyltransferase]
[locus_tag=Syncc8109_1909],[protein_id=AHF64254.1],[gene=None],[protein=hypothetical protein]
[locus_tag=Syncc8109_1910],[protein_id=AHF64255.1],[gene=None],[protein=hypothetical protein]
[locus_tag=Syncc8109_1912],[protein_id=AHF64257.1],[gene=None],[protein=hypothetical protein]
[locus_tag=Syncc8109_1914],[protein_id=AHF64259.1],[gene=None],[protein=putative SMR family multidrug efflux transporter]
[locus_tag=Syncc8109_1917],[protein_id=AHF64262.1],[gene=None],[protein=hypothetical protein]
[locus_tag=Syncc8109_1919],[protein_id=AHF64264.1],[gene=None],[protein=hypothetical protein]
[locus_tag=Syncc8109_1920],[protein_id=AHF64265.1],[gene=None],[protein=hypothetical protein]
[locus_tag=Syncc8109_1922],[protein_id=AHF64267.1],[gene=None],[protein=hypothetical protein]
[locus_tag=Syncc8109_1923],[protein_id=AHF64268.1],[gene=None],[protein=hypothetical protein]
[locus_tag=Syncc8109_1924],[protein_id=AHF64269.1],[gene=None],[protein=hypothetical protein]
[locus_tag=Syncc8109_1925],[protein_id=AHF64270.1],[gene=None],[protein=hypothetical protein]
[locus_tag=Syncc8109_1926],[protein_id=AHF64271.1],[gene=None],[protein=hypothetical protein]
[locus_tag=Syncc8109_1928],[protein_id=AHF64272.1],[gene=None],[protein=hypothetical protein]
[locus_tag=Syncc8109_1929],[protein_id=AHF64273.1],[gene=None],[protein=hypothetical protein]
[locus_tag=Syncc8109_1931],[protein_id=AHF64275.1],[gene=None],[protein=hypothetical protein]
[locus_tag=Syncc8109_1937],[protein_id=AHF64281.1],[gene=None],[protein=hypothetical protein]
[locus_tag=Syncc8109_1942],[protein_id=AHF64286.1],[gene=None],[protein=putative chloride channel]
[locus_tag=Syncc8109_1943],[protein_id=AHF64287.1],[gene=cbbX],[protein=ATPase]
[locus_tag=Syncc8109_1945],[protein_id=AHF64289.1],[gene=chpX],[protein=CO2 hydration protein]
[locus_tag=Syncc8109_1953],[protein_id=AHF64297.1],[gene=None],[protein=hypothetical protein]
[locus_tag=Syncc8109_1960],[protein_id=AHF64304.1],[gene=None],[protein=hypothetical protein]
[locus_tag=Syncc8109_1966],[protein_id=AHF64310.1],[gene=None],[protein=hypothetical protein]
[locus_tag=Syncc8109_1967],[protein_id=AHF64311.1],[gene=None],[protein=hypothetical protein]
[locus_tag=Syncc8109_1968],[protein_id=AHF64312.1],[gene=None],[protein=hypothetical protein]
[locus_tag=Syncc8109_1980],[protein_id=AHF64324.1],[gene=None],[protein=hypothetical protein]
[locus_tag=Syncc8109_1981],[protein_id=AHF64325.1],[gene=None],[protein=hypothetical protein]
[locus_tag=Syncc8109_1982],[protein_id=AHF64326.1],[gene=None],[protein=hypothetical protein]
[locus_tag=Syncc8109_1983],[protein_id=AHF64327.1],[gene=None],[protein=hypothetical protein]
[locus_tag=Syncc8109_1990],[protein_id=AHF64334.1],[gene=None],[protein=hypothetical protein]
[locus_tag=Syncc8109_1995],[protein_id=AHF64339.1],[gene=None],[protein=hypothetical protein]
[locus_tag=Syncc8109_1996],[protein_id=AHF64340.1],[gene=None],[protein=hypothetical protein]
[locus_tag=Syncc8109_1999],[protein_id=AHF64343.1],[gene=None],[protein=hypothetical protein]
[locus_tag=Syncc8109_2001],[protein_id=AHF64345.1],[gene=None],[protein=hypothetical protein]
[locus_tag=Syncc8109_2002],[protein_id=AHF64346.1],[gene=None],[protein=hypothetical protein]
[locus_tag=Syncc8109_2003],[protein_id=AHF64347.1],[gene=None],[protein=hypothetical protein]
[locus_tag=Syncc8109_2004],[protein_id=AHF64348.1],[gene=None],[protein=hypothetical protein]
[locus_tag=Syncc8109_2005],[protein_id=AHF64349.1],[gene=None],[protein=hypothetical protein]
[locus_tag=Syncc8109_2011],[protein_id=AHF64354.1],[gene=None],[protein=hypothetical protein]
[locus_tag=Syncc8109_2016],[protein_id=AHF64359.1],[gene=None],[protein=putative acylphosphatase]
[locus_tag=Syncc8109_2017],[protein_id=AHF64360.1],[gene=None],[protein=hypothetical protein]
[locus_tag=Syncc8109_2018],[protein_id=AHF64361.1],[gene=None],[protein=hypothetical protein]
[locus_tag=Syncc8109_2022],[protein_id=AHF64365.1],[gene=None],[protein=hypothetical protein]
[locus_tag=Syncc8109_2023],[protein_id=AHF64366.1],[gene=None],[protein=hypothetical protein]
[locus_tag=Syncc8109_2028],[protein_id=AHF64369.1],[gene=None],[protein=hypothetical protein]
[locus_tag=Syncc8109_2031],[protein_id=AHF64372.1],[gene=None],[protein=hypothetical protein]
[locus_tag=Syncc8109_2032],[protein_id=AHF64373.1],[gene=None],[protein=hypothetical protein]
[locus_tag=Syncc8109_2033],[protein_id=AHF64374.1],[gene=None],[protein=putative permease protein of sugar ABC transporter]
[locus_tag=Syncc8109_2038],[protein_id=AHF64379.1],[gene=None],[protein=hypothetical protein]
[locus_tag=Syncc8109_2046],[protein_id=AHF64387.1],[gene=None],[protein=hypothetical protein]
[locus_tag=Syncc8109_2050],[protein_id=AHF64391.1],[gene=None],[protein=hypothetical protein]
[locus_tag=Syncc8109_2058],[protein_id=AHF64399.1],[gene=None],[protein=hypothetical protein]
[locus_tag=Syncc8109_2062],[protein_id=AHF64401.1],[gene=None],[protein=hypothetical protein]
[locus_tag=Syncc8109_2067],[protein_id=AHF64406.1],[gene=None],[protein=hypothetical protein]
[locus_tag=Syncc8109_2070],[protein_id=AHF64409.1],[gene=None],[protein=Ferredoxin]
[locus_tag=Syncc8109_2077],[protein_id=AHF64416.1],[gene=None],[protein=hypothetical protein]
[locus_tag=Syncc8109_2078],[protein_id=AHF64417.1],[gene=None],[protein=hypothetical protein]
[locus_tag=Syncc8109_2079],[protein_id=AHF64418.1],[gene=None],[protein=hypothetical protein]
[locus_tag=Syncc8109_2083],[protein_id=AHF64422.1],[gene=None],[protein=hypothetical protein]
[locus_tag=Syncc8109_2086],[protein_id=AHF64424.1],[gene=None],[protein=methyltransferase-like protein]
[locus_tag=Syncc8109_2090],[protein_id=AHF64428.1],[gene=None],[protein=tRNA (guanine-N(2)-)-methyltransferase]
[locus_tag=Syncc8109_2108],[protein_id=AHF64446.1],[gene=None],"[protein=putative multidrug efflux transporter, MFS family]"
[locus_tag=Syncc8109_2111],[protein_id=AHF64449.1],[gene=None],[protein=hypothetical protein]
[locus_tag=Syncc8109_2112],[protein_id=AHF64450.1],[gene=None],[protein=hypothetical protein]
[locus_tag=Syncc8109_2113],[protein_id=AHF64451.1],[gene=None],[protein=methionine salvage pathway enzyme E-2/E-2'-like protein]
[locus_tag=Syncc8109_2121],[protein_id=AHF64459.1],[gene=None],[protein=ErfK/YbiS/YcfS/YnhG-like protein]
[locus_tag=Syncc8109_2123],[protein_id=AHF64460.1],[gene=None],[protein=hypothetical protein]
[locus_tag=Syncc8109_2132],[protein_id=AHF64467.1],[gene=None],[protein=hypothetical protein]
[locus_tag=Syncc8109_2134],[protein_id=AHF64469.1],[gene=None],[protein=sodium/bile acid cotransporter family]
[locus_tag=Syncc8109_2139],[protein_id=AHF64474.1],[gene=None],[protein=hypothetical protein]
[locus_tag=Syncc8109_2140],[protein_id=AHF64475.1],[gene=None],[protein=hypothetical protein]
[locus_tag=Syncc8109_2142],[protein_id=AHF64477.1],[gene=None],[protein=hypothetical protein]
[locus_tag=Syncc8109_2149],[protein_id=AHF64484.1],[gene=None],[protein=hypothetical protein]
[locus_tag=Syncc8109_2169],[protein_id=AHF64502.1],[gene=None],[protein=AAA ATPase containing von Willebrand factor type A (vWA) domain]
[locus_tag=Syncc8109_2175],[protein_id=AHF64505.1],[gene=None],[protein=hypothetical protein]
[locus_tag=Syncc8109_2176],[protein_id=AHF64506.1],[gene=None],[protein=hypothetical protein]
[locus_tag=Syncc8109_2177],[protein_id=AHF64507.1],[gene=None],[protein=hypothetical protein]
[locus_tag=Syncc8109_2180],[protein_id=AHF64510.1],[gene=None],[protein=hypothetical protein]
[locus_tag=Syncc8109_2190],[protein_id=AHF64519.1],[gene=None],[protein=hypothetical protein]
[locus_tag=Syncc8109_2192],[protein_id=AHF64521.1],[gene=None],"[protein=two component transcriptional regulator, LuxR family]"
[locus_tag=Syncc8109_2193],[protein_id=AHF64522.1],[gene=None],[protein=hypothetical protein]
[locus_tag=Syncc8109_2196],[protein_id=AHF64525.1],[gene=None],[protein=hypothetical protein]
[locus_tag=Syncc8109_2197],[protein_id=AHF64526.1],[gene=None],[protein=hypothetical protein]
[locus_tag=Syncc8109_2199],[protein_id=AHF64528.1],[gene=None],[protein=hypothetical protein]
[locus_tag=Syncc8109_2202],[protein_id=AHF64531.1],[gene=None],[protein=hypothetical protein]
[locus_tag=Syncc8109_2210],[protein_id=AHF64539.1],[gene=None],[protein=hypothetical protein]
[locus_tag=Syncc8109_2221],[protein_id=AHF64548.1],[gene=None],[protein=hypothetical protein]
[locus_tag=Syncc8109_2222],[protein_id=AHF64549.1],[gene=None],[protein=hypothetical protein]
[locus_tag=Syncc8109_2223],[protein_id=AHF64550.1],[gene=None],[protein=hypothetical protein]
[locus_tag=Syncc8109_2224],[protein_id=AHF64551.1],[gene=nagB],[protein=Glucosamine-6-phosphate deaminase]
[locus_tag=Syncc8109_2227],[protein_id=AHF64554.1],[gene=psbV],[protein=Cytochrome c-550]
[locus_tag=Syncc8109_2234],[protein_id=AHF64561.1],[gene=None],[protein=hypothetical protein]
[locus_tag=Syncc8109_2238],[protein_id=AHF64564.1],[gene=None],[protein=hypothetical protein]
[locus_tag=Syncc8109_2241],[protein_id=AHF64567.1],[gene=None],[protein=hypothetical protein]
[locus_tag=Syncc8109_2243],[protein_id=AHF64569.1],[gene=None],[protein=hypothetical protein]
[locus_tag=Syncc8109_2244],[protein_id=AHF64570.1],[gene=ftrV],"[protein=putative ferredoxin-thioredoxin reductase, variable chain]"
[locus_tag=Syncc8109_2245],[protein_id=AHF64571.1],[gene=pyrR],[protein=putative pyrimidine operon regulatory protein PyrR/uracil phosphoribosyltransferase]
[locus_tag=Syncc8109_2248],[protein_id=AHF64574.1],[gene=None],[protein=hypothetical protein]
[locus_tag=Syncc8109_2249],[protein_id=AHF64575.1],[gene=None],[protein=hypothetical protein]
[locus_tag=Syncc8109_2254],[protein_id=AHF64580.1],[gene=None],[protein=hypothetical protein]
[locus_tag=Syncc8109_2263],[protein_id=AHF64589.1],[gene=None],[protein=hypothetical protein]
[locus_tag=Syncc8109_2267],[protein_id=AHF64593.1],[gene=None],[protein=hypothetical protein]
[locus_tag=Syncc8109_2278],[protein_id=AHF64604.1],[gene=None],[protein=hypothetical protein]
[locus_tag=Syncc8109_2281],[protein_id=AHF64607.1],[gene=apcC],"[protein=linker polypeptide, allophycocyanin-associated]"
[locus_tag=Syncc8109_2292],[protein_id=AHF64618.1],[gene=None],[protein=hypothetical protein]
[locus_tag=Syncc8109_2293],[protein_id=AHF64619.1],[gene=None],[protein=hypothetical protein]
[locus_tag=Syncc8109_2295],[protein_id=AHF64620.1],[gene=None],[protein=hypothetical protein]
[locus_tag=Syncc8109_2296],[protein_id=AHF64621.1],[gene=None],[protein=hypothetical protein]
[locus_tag=Syncc8109_2297],[protein_id=AHF64622.1],[gene=None],[protein=hypothetical protein]
[locus_tag=Syncc8109_2298],[protein_id=AHF64623.1],[gene=None],[protein=weak similarity to phage integrase family]
[locus_tag=Syncc8109_2299],[protein_id=AHF64624.1],[gene=None],[protein=hypothetical protein]
[locus_tag=Syncc8109_2300],[protein_id=AHF64625.1],[gene=None],[protein=hypothetical protein]
[locus_tag=Syncc8109_2301],[protein_id=AHF64626.1],[gene=None],[protein=hypothetical protein]
[locus_tag=Syncc8109_2302],[protein_id=AHF64627.1],[gene=None],[protein=putative methyltransferase type 11]
[locus_tag=Syncc8109_2304],[protein_id=AHF64628.1],[gene=None],[protein=hypothetical protein]
[locus_tag=Syncc8109_2306],[protein_id=AHF64629.1],[gene=None],[protein=hypothetical protein]
[locus_tag=Syncc8109_2307],[protein_id=AHF64630.1],[gene=None],[protein=Band 7 protein]
[locus_tag=Syncc8109_2308],[protein_id=AHF64631.1],[gene=None],[protein=Band 7 protein]
[locus_tag=Syncc8109_2309],[protein_id=AHF64632.1],[gene=None],[protein=hypothetical protein]
[locus_tag=Syncc8109_2310],[protein_id=AHF64633.1],[gene=None],[protein=hypothetical protein]
[locus_tag=Syncc8109_2311],[protein_id=AHF64634.1],[gene=None],[protein=hypothetical protein]
[locus_tag=Syncc8109_2312],[protein_id=AHF64635.1],[gene=None],[protein=hypothetical protein]
[locus_tag=Syncc8109_2313],[protein_id=AHF64636.1],[gene=None],[protein=hypothetical protein]
[locus_tag=Syncc8109_2314],[protein_id=AHF64637.1],[gene=None],[protein=hypothetical protein]
[locus_tag=Syncc8109_2315],[protein_id=AHF64638.1],[gene=None],[protein=hypothetical protein]
[locus_tag=Syncc8109_2316],[protein_id=AHF64639.1],[gene=None],[protein=hypothetical protein]
[locus_tag=Syncc8109_2317],[protein_id=AHF64640.1],[gene=None],[protein=hypothetical protein]
[locus_tag=Syncc8109_2318],[protein_id=AHF64641.1],[gene=None],[protein=hypothetical protein]
[locus_tag=Syncc8109_2319],[protein_id=AHF64642.1],[gene=None],[protein=hypothetical protein]
[locus_tag=Syncc8109_2320],[protein_id=AHF64643.1],[gene=None],[protein=hypothetical protein]
[locus_tag=Syncc8109_2321],[protein_id=AHF64644.1],[gene=None],[protein=hypothetical protein]
[locus_tag=Syncc8109_2322],[protein_id=AHF64645.1],[gene=None],[protein=hypothetical protein]
[locus_tag=Syncc8109_2323],[protein_id=AHF64646.1],[gene=None],[protein=hypothetical protein]
[locus_tag=Syncc8109_2324],[protein_id=AHF64647.1],[gene=None],[protein=hypothetical protein]
[locus_tag=Syncc8109_2325],[protein_id=AHF64648.1],[gene=None],[protein=hypothetical protein]
[locus_tag=Syncc8109_2326],[protein_id=AHF64649.1],[gene=None],[protein=hypothetical protein]
[locus_tag=Syncc8109_2327],[protein_id=AHF64650.1],[gene=None],[protein=hypothetical protein]
[locus_tag=Syncc8109_2328],[protein_id=AHF64651.1],[gene=None],[protein=hypothetical protein]
[locus_tag=Syncc8109_2329],[protein_id=AHF64652.1],[gene=None],[protein=putative integrase/recombinase]
[locus_tag=Syncc8109_2331],[protein_id=AHF64653.1],[gene=None],[protein=hypothetical protein]
[locus_tag=Syncc8109_2332],[protein_id=AHF64654.1],[gene=None],[protein=hypothetical protein]
[locus_tag=Syncc8109_2333],[protein_id=AHF64655.1],[gene=None],[protein=hypothetical protein]
[locus_tag=Syncc8109_2334],[protein_id=AHF64656.1],[gene=None],[protein=hypothetical protein]
[locus_tag=Syncc8109_2340],[protein_id=AHF64661.1],[gene=None],[protein=hypothetical protein]
[locus_tag=Syncc8109_2349],[protein_id=AHF64668.1],[gene=psbX],[protein=photosystem II PsbX protein]
[locus_tag=Syncc8109_2351],[protein_id=AHF64670.1],[gene=None],[protein=hypothetical protein]
[locus_tag=Syncc8109_2352],[protein_id=AHF64671.1],[gene=None],[protein=hypothetical protein]
[locus_tag=Syncc8109_2356],[protein_id=AHF64675.1],[gene=chlI],[protein=Mg chelatase-related protein]
[locus_tag=Syncc8109_2357],[protein_id=AHF64676.1],[gene=None],[protein=hypothetical protein]
[locus_tag=Syncc8109_2358],[protein_id=AHF64677.1],[gene=None],[protein=hypothetical protein]
[locus_tag=Syncc8109_2359],[protein_id=AHF64678.1],[gene=None],[protein=hypothetical protein]
[locus_tag=Syncc8109_2362],[protein_id=AHF64681.1],[gene=None],[protein=hypothetical protein]
[locus_tag=Syncc8109_2367],[protein_id=AHF64686.1],[gene=ftrC],"[protein=ferredoxin thioredoxin reductase, catalytic beta chain]"
[locus_tag=Syncc8109_2368],[protein_id=AHF64687.1],[gene=None],[protein=putative transcriptional regulator]
[locus_tag=Syncc8109_2370],[protein_id=AHF64689.1],[gene=None],[protein=hypothetical protein]
[locus_tag=Syncc8109_2377],[protein_id=AHF64694.1],[gene=None],[protein=hypothetical protein]
[locus_tag=Syncc8109_2378],[protein_id=AHF64695.1],[gene=None],[protein=hypothetical protein]
[locus_tag=Syncc8109_2379],[protein_id=AHF64696.1],[gene=None],[protein=hypothetical protein]
[locus_tag=Syncc8109_2380],[protein_id=AHF64697.1],[gene=None],[protein=hypothetical protein]
[locus_tag=Syncc8109_2382],[protein_id=AHF64699.1],[gene=None],[protein=hypothetical protein]
[locus_tag=Syncc8109_2383],[protein_id=AHF64700.1],[gene=None],[protein=Hydrophobe/amphiphile efflux-1 HAE1]
[locus_tag=Syncc8109_2386],[protein_id=AHF64703.1],[gene=None],[protein=putative protein phosphatase 2C]
[locus_tag=Syncc8109_2387],[protein_id=AHF64704.1],[gene=None],[protein=hypothetical protein]
[locus_tag=Syncc8109_2388],[protein_id=AHF64705.1],[gene=None],[protein=hypothetical protein]
[locus_tag=Syncc8109_2393],[protein_id=AHF64710.1],[gene=None],"[protein=putative GTP-binding protein, transporter associated]"
[locus_tag=Syncc8109_2403],[protein_id=AHF64720.1],[gene=None],[protein=hypothetical protein]
[locus_tag=Syncc8109_2407],[protein_id=AHF64724.1],[gene=None],[protein=hypothetical protein]
[locus_tag=Syncc8109_2408],[protein_id=AHF64725.1],[gene=None],[protein=ATP-dependent helicase HrpB]
[locus_tag=Syncc8109_2410],[protein_id=AHF64727.1],[gene=None],[protein=hypothetical protein]
[locus_tag=Syncc8109_2418],[protein_id=AHF64733.1],[gene=None],[protein=hypothetical protein]
[locus_tag=Syncc8109_2422],[protein_id=AHF64734.1],[gene=None],[protein=hypothetical protein]
[locus_tag=Syncc8109_2429],[protein_id=AHF64740.1],[gene=psbU],[protein=photosystem II extrinsic protein (psbU)]
[locus_tag=Syncc8109_2433],[protein_id=AHF64744.1],[gene=None],[protein=putative multidrug efflux MFS transporter]
[locus_tag=Syncc8109_2434],[protein_id=AHF64745.1],[gene=petL],[protein=cytochrome b6f complex subunit PetL]
[locus_tag=Syncc8109_2435],[protein_id=AHF64746.1],[gene=None],[protein=hypothetical protein]
[locus_tag=Syncc8109_2436],[protein_id=AHF64747.1],[gene=None],[protein=hypothetical protein]
[locus_tag=Syncc8109_2447],[protein_id=AHF64756.1],[gene=None],[protein=hypothetical protein]
[locus_tag=Syncc8109_2451],[protein_id=AHF64759.1],[gene=None],[protein=hypothetical protein]
[locus_tag=Syncc8109_2458],[protein_id=AHF64766.1],[gene=None],[protein=hypothetical protein]
[locus_tag=Syncc8109_2463],[protein_id=AHF64771.1],[gene=None],[protein=hypothetical protein]
[locus_tag=Syncc8109_2473],[protein_id=AHF64781.1],[gene=None],[protein=hypothetical protein]
[locus_tag=Syncc8109_2474],[protein_id=AHF64782.1],[gene=None],[protein=hypothetical protein]
[locus_tag=Syncc8109_2477],[protein_id=AHF64785.1],[gene=None],[protein=dolichyl-phosphate-mannose-protein mannosyltransferase]
[locus_tag=Syncc8109_2481],[protein_id=AHF64789.1],[gene=None],[protein=hypothetical protein]
[locus_tag=Syncc8109_2486],[protein_id=AHF64793.1],[gene=None],[protein=hypothetical protein]
[locus_tag=Syncc8109_2498],[protein_id=AHF64805.1],[gene=None],[protein=hypothetical protein]
[locus_tag=Syncc8109_2511],[protein_id=AHF64818.1],[gene=None],[protein=hypothetical protein]
[locus_tag=Syncc8109_2516],[protein_id=AHF64823.1],[gene=None],[protein=hypothetical protein]
[locus_tag=Syncc8109_2524],[protein_id=AHF64831.1],[gene=None],"[protein=phosphohistidine phosphatase, SixA]"
[locus_tag=Syncc8109_2527],[protein_id=AHF64834.1],[gene=hrcA],[protein=heat-inducible transcription repressor HrcA]
[locus_tag=Syncc8109_2531],[protein_id=AHF64838.1],[gene=None],[protein=hypothetical protein]
[locus_tag=Syncc8109_2532],[protein_id=AHF64839.1],[gene=None],[protein=hypothetical protein]
[locus_tag=Syncc8109_2533],[protein_id=AHF64840.1],[gene=None],[protein=hypothetical protein]
[locus_tag=Syncc8109_2539],[protein_id=AHF64846.1],[gene=None],[protein=hypothetical protein]
[locus_tag=Syncc8109_2543],[protein_id=AHF64850.1],[gene=None],[protein=hypothetical protein]
[locus_tag=Syncc8109_2545],[protein_id=AHF64852.1],[gene=None],[protein=hypothetical protein]
[locus_tag=Syncc8109_2557],[protein_id=AHF64864.1],[gene=None],[protein=hypothetical protein]
[locus_tag=Syncc8109_2558],[protein_id=AHF64865.1],[gene=yccC],[protein=Asparaginase]
[locus_tag=Syncc8109_2575],[protein_id=AHF64882.1],[gene=None],[protein=hypothetical protein]
[locus_tag=Syncc8109_2576],[protein_id=AHF64883.1],[gene=None],[protein=hypothetical protein]
[locus_tag=Syncc8109_2579],[protein_id=AHF64886.1],[gene=None],[protein=hypothetical protein]
[locus_tag=Syncc8109_2585],[protein_id=AHF64892.1],[gene=gloA],[protein=Glyoxalase I]
[locus_tag=Syncc8109_2589],[protein_id=AHF64896.1],[gene=None],[protein=hypothetical protein]
[locus_tag=Syncc8109_2590],[protein_id=AHF64897.1],[gene=None],[protein=hypothetical protein]
[locus_tag=Syncc8109_2591],[protein_id=AHF64898.1],[gene=None],[protein=hypothetical protein]
[locus_tag=Syncc8109_2600],[protein_id=AHF64907.1],[gene=None],[protein=hypothetical protein]
[locus_tag=Syncc8109_2601],[protein_id=AHF64908.1],[gene=None],[protein=DEAD/DEAH box helicase-like protein]
[locus_tag=Syncc8109_2602],[protein_id=AHF64909.1],[gene=None],[protein=hypothetical protein]
[locus_tag=Syncc8109_2603],[protein_id=AHF64910.1],[gene=None],[protein=hypothetical protein]
[locus_tag=Syncc8109_2604],[protein_id=AHF64911.1],[gene=None],[protein=hypothetical protein]
[locus_tag=Syncc8109_2605],[protein_id=AHF64912.1],[gene=None],[protein=putative small heat shock protein]
[locus_tag=Syncc8109_2609],[protein_id=AHF64916.1],[gene=None],[protein=hypothetical protein]
[locus_tag=Syncc8109_2612],[protein_id=AHF64919.1],[gene=None],[protein=hypothetical protein]
[locus_tag=Syncc8109_2613],[protein_id=AHF64920.1],[gene=None],[protein=hypothetical protein]
[locus_tag=Syncc8109_2622],[protein_id=AHF64929.1],[gene=None],[protein=hypothetical protein]
[locus_tag=Syncc8109_2624],[protein_id=AHF64931.1],[gene=None],[protein=hypothetical protein]
[locus_tag=Syncc8109_2626],[protein_id=AHF64933.1],[gene=None],[protein=hypothetical protein]
[locus_tag=Syncc8109_2643],[protein_id=AHF64950.1],[gene=None],[protein=hypothetical protein]
[locus_tag=Syncc8109_2644],[protein_id=AHF64951.1],[gene=None],[protein=hypothetical protein]
[locus_tag=Syncc8109_2645],[protein_id=AHF64952.1],[gene=None],[protein=hypothetical protein]
[locus_tag=Syncc8109_2646],[protein_id=AHF64953.1],[gene=None],[protein=hypothetical protein]
[locus_tag=Syncc8109_2647],[protein_id=AHF64954.1],[gene=None],[protein=hypothetical protein]
[locus_tag=Syncc8109_2648],[protein_id=AHF64955.1],[gene=None],[protein=hypothetical protein]
[locus_tag=Syncc8109_2650],[protein_id=AHF64956.1],[gene=None],[protein=hypothetical protein]
[locus_tag=Syncc8109_2653],[protein_id=AHF64959.1],[gene=None],[protein=hypothetical protein]
[locus_tag=Syncc8109_2654],[protein_id=AHF64960.1],[gene=None],[protein=hypothetical protein]
[locus_tag=Syncc8109_2657],[protein_id=AHF64963.1],[gene=None],[protein=cyclic nucleotide-binding domain (cNMP-BD) protein]
[locus_tag=Syncc8109_2658],[protein_id=AHF64964.1],[gene=None],[protein=hypothetical protein]
[locus_tag=Syncc8109_2671],[protein_id=AHF64977.1],[gene=None],[protein=hypothetical protein]
[locus_tag=Syncc8109_2672],[protein_id=AHF64978.1],[gene=None],[protein=hypothetical protein]
[locus_tag=Syncc8109_2673],[protein_id=AHF64979.1],[gene=None],[protein=hypothetical protein]
[locus_tag=Syncc8109_2683],[protein_id=AHF64989.1],[gene=None],[protein=hypothetical protein]
[locus_tag=Syncc8109_2691],[protein_id=AHF64997.1],[gene=None],[protein=hypothetical protein]
[locus_tag=Syncc8109_2692],[protein_id=AHF64998.1],[gene=None],"[protein=Amidase, hydantoinase/carbamoylase]"
[locus_tag=Syncc8109_2693],[protein_id=AHF64999.1],[gene=asnB],"[protein=Asparagine synthase, glutamine-hydrolyzing]"
[locus_tag=Syncc8109_2695],[protein_id=AHF65001.1],[gene=None],[protein=hypothetical protein]
[locus_tag=Syncc8109_2697],[protein_id=AHF65003.1],[gene=None],[protein=hypothetical protein]
[locus_tag=Syncc8109_2702],[protein_id=AHF65008.1],[gene=moaA],[protein=molybdenum cofactor biosynthesis protein A]
[locus_tag=Syncc8109_2703],[protein_id=AHF65009.1],[gene=mobA],[protein=molybdopterin-guanine dinucleotide biosynthesis protein A]
[locus_tag=Syncc8109_2704],[protein_id=AHF65010.1],[gene=None],[protein=hypothetical protein]
[locus_tag=Syncc8109_2705],[protein_id=AHF65011.1],[gene=None],[protein=hypothetical protein]
[locus_tag=Syncc8109_2706],[protein_id=AHF65012.1],[gene=None],[protein=Nitrate transporter]
[locus_tag=Syncc8109_2707],[protein_id=AHF65013.1],[gene=narB],[protein=nitrate reductase]
[locus_tag=Syncc8109_2708],[protein_id=AHF65014.1],[gene=None],[protein=hypothetical protein]
[locus_tag=Syncc8109_2709],[protein_id=AHF65015.1],[gene=None],[protein=hypothetical protein]
[locus_tag=Syncc8109_2710],[protein_id=AHF65016.1],[gene=None],[protein=hypothetical protein]
[locus_tag=Syncc8109_2711],[protein_id=AHF65017.1],[gene=None],[protein=Twin-arginine translocation pathway signal]
[locus_tag=Syncc8109_2712],[protein_id=AHF65018.1],[gene=moaC],[protein=molybdenum cofactor biosynthesis protein C]
[locus_tag=Syncc8109_2713],[protein_id=AHF65019.1],[gene=moeA],[protein=Molybdopterin binding domain protein]
[locus_tag=Syncc8109_2714],[protein_id=AHF65020.1],[gene=None],[protein=hypothetical protein]
[locus_tag=Syncc8109_2716],[protein_id=AHF65022.1],[gene=moaE],[protein=molybdenum cofactor biosynthesis protein E (molydbopterin converting factor large subunit)]
[locus_tag=Syncc8109_2717],[protein_id=AHF65023.1],[gene=moaD],[protein=molydbenum cofactor biosynthesis protein D (molybdopterin converting factor small subunit)]
[locus_tag=Syncc8109_2718],[protein_id=AHF65024.1],[gene=moaB1],[protein=Molybdopterin binding domain protein]
[locus_tag=Syncc8109_2722],[protein_id=AHF65028.1],[gene=None],[protein=hypothetical protein]
[locus_tag=Syncc8109_2728],[protein_id=AHF65034.1],[gene=None],[protein=hypothetical protein]
[locus_tag=Syncc8109_2729],[protein_id=AHF65035.1],[gene=None],[protein=hypothetical protein]
[locus_tag=Syncc8109_2739],[protein_id=AHF65045.1],[gene=None],[protein=hypothetical protein]
[locus_tag=Syncc8109_2742],[protein_id=AHF65048.1],[gene=None],[protein=hypothetical protein]
[locus_tag=Syncc8109_2748],[protein_id=AHF65054.1],[gene=None],[protein=hypothetical protein]
[locus_tag=Syncc8109_2750],[protein_id=AHF65056.1],[gene=None],[protein=hypothetical protein]
[locus_tag=Syncc8109_2754],[protein_id=AHF65060.1],[gene=None],[protein=hypothetical protein]
[locus_tag=Syncc8109_2755],[protein_id=AHF65061.1],[gene=None],[protein=hypothetical protein]
[locus_tag=Syncc8109_2758],[protein_id=AHF65064.1],[gene=None],[protein=hypothetical protein]
